datetime,datetime_nano,DCE.c1701.open,DCE.c1701.high,DCE.c1701.low,DCE.c1701.close,DCE.c1701.volume,DCE.c1701.open_oi,DCE.c1701.close_oi
2016-01-18 09:00:00.000000000,1453078800000000000,1530.0,1535.0,1530.0,1532.0,24528,0,20710
2016-01-18 10:00:00.000000000,1453082400000000000,1532.0,1543.0,1530.0,1540.0,18400,20710,32458
2016-01-18 11:00:00.000000000,1453086000000000000,1540.0,1550.0,1540.0,1543.0,8494,32458,36930
2016-01-18 13:00:00.000000000,1453093200000000000,1543.0,1547.0,1540.0,1543.0,4873,36930,40039
2016-01-18 14:00:00.000000000,1453096800000000000,1543.0,1558.0,1541.0,1556.0,26822,40039,54468
2016-01-19 09:00:00.000000000,1453165200000000000,1556.0,1562.0,1550.0,1559.0,13199,54468,56065
2016-01-19 10:00:00.000000000,1453168800000000000,1559.0,1559.0,1556.0,1556.0,2647,56065,56642
2016-01-19 11:00:00.000000000,1453172400000000000,1556.0,1557.0,1554.0,1557.0,1828,56642,57272
2016-01-19 13:00:00.000000000,1453179600000000000,1557.0,1560.0,1556.0,1559.0,3280,57272,58590
2016-01-19 14:00:00.000000000,1453183200000000000,1559.0,1563.0,1557.0,1562.0,5108,58590,60387
2016-01-20 09:00:00.000000000,1453251600000000000,1562.0,1572.0,1556.0,1569.0,11373,60387,61350
2016-01-20 10:00:00.000000000,1453255200000000000,1569.0,1574.0,1568.0,1571.0,8158,61350,65939
2016-01-20 11:00:00.000000000,1453258800000000000,1571.0,1573.0,1571.0,1571.0,2198,65939,67130
2016-01-20 13:00:00.000000000,1453266000000000000,1571.0,1572.0,1567.0,1569.0,3856,67130,68510
2016-01-20 14:00:00.000000000,1453269600000000000,1569.0,1572.0,1567.0,1568.0,4218,68510,70163
2016-01-21 09:00:00.000000000,1453338000000000000,1568.0,1578.0,1566.0,1574.0,6140,70163,72067
2016-01-21 10:00:00.000000000,1453341600000000000,1574.0,1577.0,1573.0,1573.0,2181,72067,71655
2016-01-21 11:00:00.000000000,1453345200000000000,1573.0,1574.0,1571.0,1572.0,641,71655,71747
2016-01-21 13:00:00.000000000,1453352400000000000,1572.0,1572.0,1568.0,1571.0,2027,71747,71759
2016-01-21 14:00:00.000000000,1453356000000000000,1571.0,1572.0,1569.0,1569.0,3106,71759,72164
2016-01-22 09:00:00.000000000,1453424400000000000,1572.0,1581.0,1571.0,1579.0,6123,72164,72831
2016-01-22 10:00:00.000000000,1453428000000000000,1579.0,1580.0,1577.0,1578.0,2098,72831,73216
2016-01-22 11:00:00.000000000,1453431600000000000,1578.0,1579.0,1577.0,1578.0,1218,73216,73650
2016-01-22 13:00:00.000000000,1453438800000000000,1578.0,1580.0,1575.0,1577.0,2689,73650,74532
2016-01-22 14:00:00.000000000,1453442400000000000,1577.0,1584.0,1576.0,1582.0,4273,74532,75592
2016-01-25 09:00:00.000000000,1453683600000000000,1583.0,1586.0,1580.0,1583.0,6903,75592,77715
2016-01-25 10:00:00.000000000,1453687200000000000,1583.0,1583.0,1576.0,1579.0,2752,77715,78912
2016-01-25 11:00:00.000000000,1453690800000000000,1579.0,1579.0,1577.0,1579.0,856,78912,79386
2016-01-25 13:00:00.000000000,1453698000000000000,1578.0,1580.0,1578.0,1580.0,772,79386,79386
2016-01-25 14:00:00.000000000,1453701600000000000,1580.0,1583.0,1576.0,1580.0,2824,79386,80127
2016-01-26 09:00:00.000000000,1453770000000000000,1581.0,1581.0,1576.0,1578.0,8462,80127,84367
2016-01-26 10:00:00.000000000,1453773600000000000,1578.0,1579.0,1577.0,1579.0,710,84367,84725
2016-01-26 11:00:00.000000000,1453777200000000000,1579.0,1579.0,1578.0,1578.0,828,84725,84610
2016-01-26 13:00:00.000000000,1453784400000000000,1578.0,1581.0,1578.0,1580.0,1078,84610,84428
2016-01-26 14:00:00.000000000,1453788000000000000,1580.0,1581.0,1574.0,1577.0,3377,84428,85003
2016-01-27 09:00:00.000000000,1453856400000000000,1577.0,1579.0,1567.0,1569.0,19799,85003,97379
2016-01-27 10:00:00.000000000,1453860000000000000,1569.0,1571.0,1568.0,1570.0,2089,97379,98696
2016-01-27 11:00:00.000000000,1453863600000000000,1570.0,1575.0,1568.0,1569.0,3704,98696,100536
2016-01-27 13:00:00.000000000,1453870800000000000,1569.0,1572.0,1567.0,1571.0,2672,100536,101000
2016-01-27 14:00:00.000000000,1453874400000000000,1571.0,1573.0,1567.0,1567.0,10185,101000,101927
2016-01-28 09:00:00.000000000,1453942800000000000,1508.0,1541.0,1508.0,1537.0,52635,101927,124596
2016-01-28 10:00:00.000000000,1453946400000000000,1537.0,1541.0,1534.0,1540.0,10016,124596,127833
2016-01-28 11:00:00.000000000,1453950000000000000,1540.0,1542.0,1538.0,1540.0,3330,127833,128907
2016-01-28 13:00:00.000000000,1453957200000000000,1540.0,1544.0,1540.0,1544.0,5249,128907,128238
2016-01-28 14:00:00.000000000,1453960800000000000,1544.0,1544.0,1538.0,1538.0,9531,128238,130604
2016-01-29 09:00:00.000000000,1454029200000000000,1535.0,1537.0,1528.0,1532.0,22193,130604,142663
2016-01-29 10:00:00.000000000,1454032800000000000,1532.0,1534.0,1531.0,1531.0,2626,142663,143505
2016-01-29 11:00:00.000000000,1454036400000000000,1531.0,1532.0,1529.0,1530.0,4569,143505,146310
2016-01-29 13:00:00.000000000,1454043600000000000,1530.0,1532.0,1528.0,1530.0,2435,146310,147605
2016-01-29 14:00:00.000000000,1454047200000000000,1530.0,1532.0,1517.0,1518.0,18306,147605,159907
2016-02-01 09:00:00.000000000,1454288400000000000,1520.0,1528.0,1518.0,1526.0,11134,159907,162671
2016-02-01 10:00:00.000000000,1454292000000000000,1526.0,1530.0,1523.0,1524.0,3570,162671,163836
2016-02-01 11:00:00.000000000,1454295600000000000,1524.0,1527.0,1523.0,1526.0,1425,163836,163880
2016-02-01 13:00:00.000000000,1454302800000000000,1526.0,1528.0,1525.0,1526.0,1374,163880,163822
2016-02-01 14:00:00.000000000,1454306400000000000,1526.0,1528.0,1525.0,1525.0,2366,163822,163846
2016-02-02 09:00:00.000000000,1454374800000000000,1525.0,1529.0,1524.0,1527.0,6360,163846,164736
2016-02-02 10:00:00.000000000,1454378400000000000,1527.0,1527.0,1524.0,1525.0,2842,164736,166204
2016-02-02 11:00:00.000000000,1454382000000000000,1525.0,1526.0,1523.0,1526.0,2005,166204,167104
2016-02-02 13:00:00.000000000,1454389200000000000,1526.0,1527.0,1524.0,1525.0,2641,167104,167124
2016-02-02 14:00:00.000000000,1454392800000000000,1525.0,1527.0,1524.0,1525.0,3317,167124,167450
2016-02-03 09:00:00.000000000,1454461200000000000,1526.0,1528.0,1523.0,1525.0,4170,167450,168375
2016-02-03 10:00:00.000000000,1454464800000000000,1525.0,1528.0,1524.0,1526.0,3278,168375,168842
2016-02-03 11:00:00.000000000,1454468400000000000,1526.0,1527.0,1525.0,1525.0,976,168842,168904
2016-02-03 13:00:00.000000000,1454475600000000000,1525.0,1529.0,1525.0,1526.0,3074,168904,168511
2016-02-03 14:00:00.000000000,1454479200000000000,1526.0,1529.0,1525.0,1528.0,5878,168511,165587
2016-02-04 09:00:00.000000000,1454547600000000000,1527.0,1531.0,1525.0,1529.0,4398,165587,164956
2016-02-04 10:00:00.000000000,1454551200000000000,1529.0,1530.0,1528.0,1529.0,1416,164956,165025
2016-02-04 11:00:00.000000000,1454554800000000000,1529.0,1530.0,1528.0,1530.0,1029,165025,164683
2016-02-04 13:00:00.000000000,1454562000000000000,1530.0,1530.0,1521.0,1522.0,6604,164683,165378
2016-02-04 14:00:00.000000000,1454565600000000000,1522.0,1527.0,1522.0,1526.0,8529,165378,163383
2016-02-05 09:00:00.000000000,1454634000000000000,1525.0,1528.0,1518.0,1521.0,7866,163383,166586
2016-02-05 10:00:00.000000000,1454637600000000000,1521.0,1522.0,1519.0,1521.0,3424,166586,169224
2016-02-05 11:00:00.000000000,1454641200000000000,1521.0,1521.0,1520.0,1521.0,1907,169224,169405
2016-02-05 13:00:00.000000000,1454648400000000000,1521.0,1521.0,1519.0,1520.0,1127,169405,170231
2016-02-05 14:00:00.000000000,1454652000000000000,1520.0,1524.0,1520.0,1523.0,4143,170231,170157
2016-02-15 09:00:00.000000000,1455498000000000000,1526.0,1526.0,1519.0,1523.0,6185,170157,172036
2016-02-15 10:00:00.000000000,1455501600000000000,1523.0,1525.0,1522.0,1524.0,5170,172036,171128
2016-02-15 11:00:00.000000000,1455505200000000000,1524.0,1524.0,1522.0,1522.0,989,171128,171538
2016-02-15 13:00:00.000000000,1455512400000000000,1523.0,1524.0,1521.0,1523.0,2626,171538,172200
2016-02-15 14:00:00.000000000,1455516000000000000,1523.0,1524.0,1521.0,1523.0,2794,172200,170632
2016-02-16 09:00:00.000000000,1455584400000000000,1524.0,1530.0,1522.0,1524.0,10209,170632,174305
2016-02-16 10:00:00.000000000,1455588000000000000,1524.0,1526.0,1523.0,1525.0,3203,174305,176827
2016-02-16 11:00:00.000000000,1455591600000000000,1525.0,1526.0,1525.0,1525.0,775,176827,177353
2016-02-16 13:00:00.000000000,1455598800000000000,1525.0,1526.0,1524.0,1524.0,2030,177353,178786
2016-02-16 14:00:00.000000000,1455602400000000000,1524.0,1525.0,1522.0,1524.0,3864,178786,178418
2016-02-17 09:00:00.000000000,1455670800000000000,1524.0,1524.0,1519.0,1522.0,7323,178418,181225
2016-02-17 10:00:00.000000000,1455674400000000000,1522.0,1526.0,1521.0,1525.0,6290,181225,179061
2016-02-17 11:00:00.000000000,1455678000000000000,1525.0,1526.0,1523.0,1523.0,3872,179061,176999
2016-02-17 13:00:00.000000000,1455685200000000000,1523.0,1524.0,1522.0,1522.0,4492,176999,177275
2016-02-17 14:00:00.000000000,1455688800000000000,1522.0,1524.0,1520.0,1522.0,9653,177275,179705
2016-02-18 09:00:00.000000000,1455757200000000000,1523.0,1531.0,1523.0,1523.0,14223,179705,178701
2016-02-18 10:00:00.000000000,1455760800000000000,1523.0,1528.0,1523.0,1526.0,8029,178701,179709
2016-02-18 11:00:00.000000000,1455764400000000000,1526.0,1527.0,1526.0,1527.0,719,179709,179825
2016-02-18 13:00:00.000000000,1455771600000000000,1527.0,1527.0,1525.0,1527.0,1292,179825,180064
2016-02-18 14:00:00.000000000,1455775200000000000,1527.0,1528.0,1526.0,1527.0,4614,180064,181050
2016-02-19 09:00:00.000000000,1455843600000000000,1526.0,1530.0,1526.0,1528.0,4725,181050,179314
2016-02-19 10:00:00.000000000,1455847200000000000,1528.0,1529.0,1528.0,1528.0,1143,179314,179781
2016-02-19 11:00:00.000000000,1455850800000000000,1528.0,1528.0,1519.0,1522.0,13161,179781,190418
2016-02-19 13:00:00.000000000,1455858000000000000,1522.0,1522.0,1510.0,1512.0,33500,190418,212095
2016-02-19 14:00:00.000000000,1455861600000000000,1512.0,1513.0,1503.0,1504.0,36414,212095,227218
2016-02-22 09:00:00.000000000,1456102800000000000,1500.0,1500.0,1486.0,1495.0,47250,227218,246629
2016-02-22 10:00:00.000000000,1456106400000000000,1495.0,1496.0,1491.0,1494.0,13257,246629,253402
2016-02-22 11:00:00.000000000,1456110000000000000,1494.0,1494.0,1491.0,1491.0,6540,253402,258156
2016-02-22 13:00:00.000000000,1456117200000000000,1492.0,1493.0,1488.0,1491.0,12023,258156,261516
2016-02-22 14:00:00.000000000,1456120800000000000,1491.0,1494.0,1489.0,1489.0,19125,261516,264620
2016-02-23 09:00:00.000000000,1456189200000000000,1494.0,1494.0,1484.0,1487.0,27692,264620,272013
2016-02-23 10:00:00.000000000,1456192800000000000,1487.0,1496.0,1487.0,1493.0,14211,272013,273250
2016-02-23 11:00:00.000000000,1456196400000000000,1493.0,1495.0,1492.0,1494.0,3251,273250,272890
2016-02-23 13:00:00.000000000,1456203600000000000,1494.0,1510.0,1493.0,1504.0,32291,272890,265444
2016-02-23 14:00:00.000000000,1456207200000000000,1504.0,1506.0,1500.0,1505.0,23688,265444,268010
2016-02-24 09:00:00.000000000,1456275600000000000,1500.0,1505.0,1497.0,1499.0,32712,268010,265718
2016-02-24 10:00:00.000000000,1456279200000000000,1499.0,1499.0,1490.0,1491.0,13704,265718,269827
2016-02-24 11:00:00.000000000,1456282800000000000,1491.0,1493.0,1486.0,1490.0,18310,269827,271090
2016-02-24 13:00:00.000000000,1456290000000000000,1491.0,1496.0,1485.0,1491.0,22244,271090,268238
2016-02-24 14:00:00.000000000,1456293600000000000,1491.0,1494.0,1488.0,1490.0,19324,268238,270407
2016-02-25 09:00:00.000000000,1456362000000000000,1490.0,1494.0,1487.0,1489.0,21782,270407,273663
2016-02-25 10:00:00.000000000,1456365600000000000,1489.0,1489.0,1481.0,1484.0,16928,273663,281669
2016-02-25 11:00:00.000000000,1456369200000000000,1484.0,1485.0,1483.0,1485.0,5005,281669,283951
2016-02-25 13:00:00.000000000,1456376400000000000,1485.0,1486.0,1482.0,1485.0,7138,283951,285166
2016-02-25 14:00:00.000000000,1456380000000000000,1485.0,1487.0,1482.0,1483.0,8412,285166,285338
2016-02-26 09:00:00.000000000,1456448400000000000,1480.0,1485.0,1478.0,1484.0,21058,285338,289911
2016-02-26 10:00:00.000000000,1456452000000000000,1484.0,1487.0,1482.0,1483.0,7444,289911,289980
2016-02-26 11:00:00.000000000,1456455600000000000,1483.0,1484.0,1479.0,1481.0,9594,289980,294313
2016-02-26 13:00:00.000000000,1456462800000000000,1481.0,1482.0,1477.0,1480.0,21326,294313,297026
2016-02-26 14:00:00.000000000,1456466400000000000,1480.0,1485.0,1473.0,1475.0,18149,297026,302845
2016-02-29 09:00:00.000000000,1456707600000000000,1470.0,1474.0,1431.0,1450.0,105847,302845,323810
2016-02-29 10:00:00.000000000,1456711200000000000,1450.0,1456.0,1445.0,1449.0,23251,323810,327894
2016-02-29 11:00:00.000000000,1456714800000000000,1449.0,1456.0,1448.0,1455.0,16402,327894,337437
2016-02-29 13:00:00.000000000,1456722000000000000,1456.0,1468.0,1455.0,1465.0,32514,337437,343386
2016-02-29 14:00:00.000000000,1456725600000000000,1465.0,1480.0,1463.0,1470.0,59292,343386,352522
2016-03-01 09:00:00.000000000,1456794000000000000,1470.0,1485.0,1470.0,1479.0,44432,352522,353143
2016-03-01 10:00:00.000000000,1456797600000000000,1479.0,1482.0,1477.0,1482.0,16154,353143,356138
2016-03-01 11:00:00.000000000,1456801200000000000,1482.0,1484.0,1480.0,1484.0,12419,356138,359724
2016-03-01 13:00:00.000000000,1456808400000000000,1484.0,1510.0,1484.0,1509.0,64626,359724,364014
2016-03-01 14:00:00.000000000,1456812000000000000,1509.0,1510.0,1492.0,1500.0,67580,364014,369572
2016-03-02 09:00:00.000000000,1456880400000000000,1500.0,1507.0,1494.0,1498.0,41556,369572,371782
2016-03-02 10:00:00.000000000,1456884000000000000,1498.0,1500.0,1494.0,1499.0,13663,371782,369155
2016-03-02 11:00:00.000000000,1456887600000000000,1499.0,1504.0,1499.0,1503.0,6281,369155,369474
2016-03-02 13:00:00.000000000,1456894800000000000,1503.0,1505.0,1502.0,1503.0,12531,369474,368749
2016-03-02 14:00:00.000000000,1456898400000000000,1503.0,1505.0,1497.0,1500.0,24282,368749,363251
2016-03-03 09:00:00.000000000,1456966800000000000,1500.0,1513.0,1494.0,1508.0,43675,363251,359038
2016-03-03 10:00:00.000000000,1456970400000000000,1508.0,1510.0,1506.0,1506.0,6471,359038,360378
2016-03-03 11:00:00.000000000,1456974000000000000,1506.0,1507.0,1502.0,1505.0,6409,360378,358571
2016-03-03 13:00:00.000000000,1456981200000000000,1504.0,1509.0,1504.0,1509.0,5963,358571,356958
2016-03-03 14:00:00.000000000,1456984800000000000,1509.0,1511.0,1506.0,1510.0,12218,356958,355403
2016-03-04 09:00:00.000000000,1457053200000000000,1512.0,1521.0,1510.0,1512.0,37854,355403,356933
2016-03-04 10:00:00.000000000,1457056800000000000,1512.0,1517.0,1511.0,1514.0,10412,356933,357696
2016-03-04 11:00:00.000000000,1457060400000000000,1514.0,1516.0,1512.0,1514.0,8593,357696,357805
2016-03-04 13:00:00.000000000,1457067600000000000,1513.0,1516.0,1511.0,1514.0,7160,357805,358475
2016-03-04 14:00:00.000000000,1457071200000000000,1514.0,1519.0,1512.0,1518.0,13736,358475,351159
2016-03-07 09:00:00.000000000,1457312400000000000,1508.0,1512.0,1490.0,1501.0,93610,351159,367866
2016-03-07 10:00:00.000000000,1457316000000000000,1501.0,1505.0,1499.0,1501.0,16621,367866,374072
2016-03-07 11:00:00.000000000,1457319600000000000,1501.0,1502.0,1494.0,1497.0,30824,374072,387590
2016-03-07 13:00:00.000000000,1457326800000000000,1496.0,1501.0,1494.0,1499.0,31562,387590,403511
2016-03-07 14:00:00.000000000,1457330400000000000,1499.0,1502.0,1496.0,1500.0,34780,403511,412132
2016-03-08 09:00:00.000000000,1457398800000000000,1500.0,1525.0,1499.0,1508.0,85906,412132,385497
2016-03-08 10:00:00.000000000,1457402400000000000,1508.0,1511.0,1498.0,1507.0,23620,385497,381052
2016-03-08 11:00:00.000000000,1457406000000000000,1507.0,1512.0,1505.0,1509.0,9931,381052,380945
2016-03-08 13:00:00.000000000,1457413200000000000,1509.0,1510.0,1506.0,1506.0,8886,380945,378426
2016-03-08 14:00:00.000000000,1457416800000000000,1506.0,1508.0,1502.0,1506.0,15758,378426,379100
2016-03-09 09:00:00.000000000,1457485200000000000,1508.0,1508.0,1497.0,1504.0,35055,379100,379840
2016-03-09 10:00:00.000000000,1457488800000000000,1504.0,1508.0,1502.0,1507.0,6599,379840,378123
2016-03-09 11:00:00.000000000,1457492400000000000,1507.0,1508.0,1502.0,1503.0,4273,378123,377950
2016-03-09 13:00:00.000000000,1457499600000000000,1503.0,1506.0,1502.0,1503.0,8010,377950,378642
2016-03-09 14:00:00.000000000,1457503200000000000,1503.0,1506.0,1500.0,1502.0,19922,378642,381422
2016-03-10 09:00:00.000000000,1457571600000000000,1504.0,1510.0,1501.0,1506.0,20294,381422,384170
2016-03-10 10:00:00.000000000,1457575200000000000,1506.0,1507.0,1502.0,1503.0,9052,384170,383154
2016-03-10 11:00:00.000000000,1457578800000000000,1503.0,1504.0,1487.0,1489.0,34975,383154,396168
2016-03-10 13:00:00.000000000,1457586000000000000,1489.0,1489.0,1480.0,1484.0,35541,396168,408084
2016-03-10 14:00:00.000000000,1457589600000000000,1484.0,1501.0,1481.0,1499.0,61837,408084,417957
2016-03-11 09:00:00.000000000,1457658000000000000,1500.0,1513.0,1500.0,1508.0,52316,417957,411663
2016-03-11 10:00:00.000000000,1457661600000000000,1508.0,1510.0,1505.0,1507.0,9255,411663,410934
2016-03-11 11:00:00.000000000,1457665200000000000,1507.0,1510.0,1506.0,1508.0,5226,410934,409742
2016-03-11 13:00:00.000000000,1457672400000000000,1508.0,1515.0,1506.0,1510.0,12801,409742,409870
2016-03-11 14:00:00.000000000,1457676000000000000,1510.0,1515.0,1508.0,1513.0,14144,409870,405398
2016-03-14 09:00:00.000000000,1457917200000000000,1516.0,1519.0,1505.0,1514.0,41435,405398,397716
2016-03-14 10:00:00.000000000,1457920800000000000,1514.0,1515.0,1512.0,1513.0,10638,397716,400008
2016-03-14 11:00:00.000000000,1457924400000000000,1513.0,1514.0,1508.0,1510.0,7433,400008,402339
2016-03-14 13:00:00.000000000,1457931600000000000,1511.0,1511.0,1509.0,1510.0,2740,402339,402704
2016-03-14 14:00:00.000000000,1457935200000000000,1510.0,1510.0,1500.0,1502.0,34646,402704,414109
2016-03-15 09:00:00.000000000,1458003600000000000,1502.0,1507.0,1499.0,1500.0,30606,414109,419779
2016-03-15 10:00:00.000000000,1458007200000000000,1500.0,1505.0,1498.0,1504.0,10443,419779,418626
2016-03-15 11:00:00.000000000,1458010800000000000,1504.0,1505.0,1503.0,1505.0,1030,418626,418529
2016-03-15 13:00:00.000000000,1458018000000000000,1504.0,1505.0,1499.0,1502.0,9261,418529,422702
2016-03-15 14:00:00.000000000,1458021600000000000,1502.0,1503.0,1500.0,1502.0,8237,422702,421980
2016-03-16 09:00:00.000000000,1458090000000000000,1504.0,1504.0,1494.0,1501.0,31609,421980,432695
2016-03-16 10:00:00.000000000,1458093600000000000,1501.0,1501.0,1497.0,1498.0,12257,432695,434082
2016-03-16 11:00:00.000000000,1458097200000000000,1498.0,1499.0,1496.0,1497.0,7288,434082,435735
2016-03-16 13:00:00.000000000,1458104400000000000,1497.0,1500.0,1496.0,1497.0,9699,435735,436045
2016-03-16 14:00:00.000000000,1458108000000000000,1497.0,1499.0,1496.0,1498.0,7547,436045,437252
2016-03-17 09:00:00.000000000,1458176400000000000,1500.0,1503.0,1496.0,1498.0,22224,437252,440587
2016-03-17 10:00:00.000000000,1458180000000000000,1498.0,1499.0,1492.0,1496.0,19725,440587,449937
2016-03-17 11:00:00.000000000,1458183600000000000,1496.0,1498.0,1494.0,1498.0,7810,449937,449338
2016-03-17 13:00:00.000000000,1458190800000000000,1498.0,1501.0,1497.0,1499.0,10310,449338,445532
2016-03-17 14:00:00.000000000,1458194400000000000,1499.0,1503.0,1499.0,1503.0,11384,445532,441077
2016-03-18 09:00:00.000000000,1458262800000000000,1505.0,1515.0,1503.0,1511.0,55883,441077,428587
2016-03-18 10:00:00.000000000,1458266400000000000,1511.0,1514.0,1510.0,1512.0,14160,428587,431902
2016-03-18 11:00:00.000000000,1458270000000000000,1512.0,1515.0,1511.0,1515.0,8650,431902,427996
2016-03-18 13:00:00.000000000,1458277200000000000,1514.0,1547.0,1514.0,1529.0,84574,427996,411862
2016-03-18 14:00:00.000000000,1458280800000000000,1529.0,1530.0,1520.0,1523.0,30923,411862,414304
2016-03-21 09:00:00.000000000,1458522000000000000,1524.0,1524.0,1508.0,1519.0,55514,414304,416901
2016-03-21 10:00:00.000000000,1458525600000000000,1519.0,1523.0,1518.0,1519.0,34334,416901,410596
2016-03-21 11:00:00.000000000,1458529200000000000,1519.0,1522.0,1517.0,1520.0,17776,410596,406866
2016-03-21 13:00:00.000000000,1458536400000000000,1520.0,1521.0,1515.0,1518.0,13757,406866,406310
2016-03-21 14:00:00.000000000,1458540000000000000,1518.0,1519.0,1516.0,1518.0,16156,406310,407172
2016-03-22 09:00:00.000000000,1458608400000000000,1525.0,1527.0,1517.0,1517.0,39233,407172,408065
2016-03-22 10:00:00.000000000,1458612000000000000,1517.0,1522.0,1516.0,1522.0,11159,408065,407102
2016-03-22 11:00:00.000000000,1458615600000000000,1522.0,1525.0,1520.0,1521.0,6679,407102,406196
2016-03-22 13:00:00.000000000,1458622800000000000,1521.0,1524.0,1520.0,1523.0,4690,406196,405843
2016-03-22 14:00:00.000000000,1458626400000000000,1523.0,1523.0,1519.0,1520.0,11058,405843,406338
2016-03-23 09:00:00.000000000,1458694800000000000,1520.0,1530.0,1517.0,1519.0,52224,406338,420945
2016-03-23 10:00:00.000000000,1458698400000000000,1519.0,1520.0,1513.0,1519.0,33423,420945,429926
2016-03-23 11:00:00.000000000,1458702000000000000,1519.0,1524.0,1518.0,1521.0,18121,429926,435356
2016-03-23 13:00:00.000000000,1458709200000000000,1520.0,1521.0,1512.0,1517.0,34201,435356,438145
2016-03-23 14:00:00.000000000,1458712800000000000,1517.0,1520.0,1515.0,1516.0,19775,438145,436572
2016-03-24 09:00:00.000000000,1458781200000000000,1511.0,1511.0,1497.0,1507.0,48955,436572,435997
2016-03-24 10:00:00.000000000,1458784800000000000,1507.0,1510.0,1504.0,1507.0,44930,435997,426805
2016-03-24 11:00:00.000000000,1458788400000000000,1507.0,1509.0,1506.0,1508.0,5371,426805,426493
2016-03-24 13:00:00.000000000,1458795600000000000,1508.0,1509.0,1502.0,1505.0,29876,426493,428631
2016-03-24 14:00:00.000000000,1458799200000000000,1505.0,1506.0,1502.0,1504.0,13987,428631,428101
2016-03-25 09:00:00.000000000,1458867600000000000,1504.0,1506.0,1491.0,1493.0,101725,428101,451146
2016-03-25 10:00:00.000000000,1458871200000000000,1493.0,1497.0,1490.0,1494.0,25621,451146,449524
2016-03-25 11:00:00.000000000,1458874800000000000,1494.0,1495.0,1491.0,1491.0,10506,449524,451555
2016-03-25 13:00:00.000000000,1458882000000000000,1492.0,1493.0,1485.0,1485.0,37523,451555,457565
2016-03-25 14:00:00.000000000,1458885600000000000,1485.0,1491.0,1484.0,1485.0,45242,457565,465179
2016-03-28 09:00:00.000000000,1459126800000000000,1460.0,1469.0,1445.0,1453.0,188333,465179,523349
2016-03-28 10:00:00.000000000,1459130400000000000,1453.0,1458.0,1450.0,1457.0,58254,523349,542052
2016-03-28 11:00:00.000000000,1459134000000000000,1457.0,1457.0,1454.0,1455.0,12295,542052,546247
2016-03-28 13:00:00.000000000,1459141200000000000,1456.0,1457.0,1451.0,1453.0,30668,546247,556283
2016-03-28 14:00:00.000000000,1459144800000000000,1453.0,1454.0,1440.0,1444.0,79581,556283,578864
2016-03-29 09:00:00.000000000,1459213200000000000,1421.0,1434.0,1413.0,1423.0,272057,578864,666048
2016-03-29 10:00:00.000000000,1459216800000000000,1423.0,1436.0,1421.0,1431.0,84210,666048,661087
2016-03-29 11:00:00.000000000,1459220400000000000,1431.0,1438.0,1431.0,1437.0,29956,661087,653573
2016-03-29 13:00:00.000000000,1459227600000000000,1437.0,1437.0,1427.0,1431.0,46526,653573,653453
2016-03-29 14:00:00.000000000,1459231200000000000,1431.0,1438.0,1429.0,1437.0,41839,653453,646090
2016-03-30 09:00:00.000000000,1459299600000000000,1435.0,1447.0,1435.0,1436.0,89573,646090,654753
2016-03-30 10:00:00.000000000,1459303200000000000,1436.0,1442.0,1436.0,1437.0,18108,654753,652884
2016-03-30 11:00:00.000000000,1459306800000000000,1437.0,1438.0,1431.0,1436.0,27424,652884,649816
2016-03-30 13:00:00.000000000,1459314000000000000,1437.0,1439.0,1433.0,1437.0,23803,649816,646089
2016-03-30 14:00:00.000000000,1459317600000000000,1437.0,1438.0,1434.0,1435.0,27402,646089,643379
2016-03-31 09:00:00.000000000,1459386000000000000,1432.0,1438.0,1425.0,1431.0,80638,643379,645696
2016-03-31 10:00:00.000000000,1459389600000000000,1431.0,1432.0,1426.0,1428.0,21363,645696,645629
2016-03-31 11:00:00.000000000,1459393200000000000,1428.0,1429.0,1422.0,1423.0,29613,645629,649110
2016-03-31 13:00:00.000000000,1459400400000000000,1423.0,1431.0,1423.0,1429.0,24827,649110,653907
2016-03-31 14:00:00.000000000,1459404000000000000,1429.0,1431.0,1427.0,1430.0,35472,653907,660343
2016-04-01 09:00:00.000000000,1459472400000000000,1415.0,1430.0,1407.0,1429.0,108213,660343,667872
2016-04-01 10:00:00.000000000,1459476000000000000,1429.0,1432.0,1427.0,1429.0,27485,667872,669961
2016-04-01 11:00:00.000000000,1459479600000000000,1429.0,1431.0,1425.0,1426.0,12667,669961,671679
2016-04-01 13:00:00.000000000,1459486800000000000,1426.0,1428.0,1422.0,1427.0,40000,671679,682424
2016-04-01 14:00:00.000000000,1459490400000000000,1427.0,1429.0,1424.0,1425.0,31841,682424,681429
2016-04-05 09:00:00.000000000,1459818000000000000,1430.0,1437.0,1426.0,1436.0,68633,681429,671777
2016-04-05 10:00:00.000000000,1459821600000000000,1436.0,1438.0,1434.0,1437.0,25238,671777,668720
2016-04-05 11:00:00.000000000,1459825200000000000,1437.0,1437.0,1434.0,1435.0,5597,668720,668112
2016-04-05 13:00:00.000000000,1459832400000000000,1435.0,1437.0,1431.0,1433.0,12487,668112,669140
2016-04-05 14:00:00.000000000,1459836000000000000,1433.0,1433.0,1426.0,1427.0,32061,669140,668500
2016-04-06 09:00:00.000000000,1459904400000000000,1432.0,1433.0,1426.0,1430.0,27329,668500,671819
2016-04-06 10:00:00.000000000,1459908000000000000,1430.0,1433.0,1427.0,1429.0,15350,671819,676476
2016-04-06 11:00:00.000000000,1459911600000000000,1429.0,1431.0,1427.0,1429.0,14179,676476,679859
2016-04-06 13:00:00.000000000,1459918800000000000,1429.0,1431.0,1426.0,1430.0,15106,679859,681752
2016-04-06 14:00:00.000000000,1459922400000000000,1430.0,1435.0,1428.0,1433.0,27567,681752,682035
2016-04-07 09:00:00.000000000,1459990800000000000,1434.0,1435.0,1430.0,1432.0,32072,682035,688575
2016-04-07 10:00:00.000000000,1459994400000000000,1432.0,1433.0,1432.0,1432.0,3844,688575,688877
2016-04-07 11:00:00.000000000,1459998000000000000,1432.0,1433.0,1431.0,1432.0,8273,688877,687280
2016-04-07 13:00:00.000000000,1460005200000000000,1432.0,1433.0,1427.0,1433.0,19281,687280,687782
2016-04-07 14:00:00.000000000,1460008800000000000,1433.0,1434.0,1430.0,1432.0,19653,687782,682528
2016-04-08 09:00:00.000000000,1460077200000000000,1433.0,1435.0,1423.0,1429.0,53120,682528,690387
2016-04-08 10:00:00.000000000,1460080800000000000,1429.0,1430.0,1428.0,1428.0,11910,690387,691344
2016-04-08 11:00:00.000000000,1460084400000000000,1428.0,1431.0,1428.0,1430.0,6041,691344,689057
2016-04-08 13:00:00.000000000,1460091600000000000,1430.0,1431.0,1427.0,1429.0,14456,689057,691918
2016-04-08 14:00:00.000000000,1460095200000000000,1429.0,1431.0,1428.0,1429.0,17542,691918,687648
2016-04-11 09:00:00.000000000,1460336400000000000,1431.0,1442.0,1425.0,1429.0,109856,687648,707010
2016-04-11 10:00:00.000000000,1460340000000000000,1429.0,1439.0,1429.0,1439.0,55492,707010,714094
2016-04-11 11:00:00.000000000,1460343600000000000,1439.0,1444.0,1431.0,1435.0,40210,714094,719322
2016-04-11 13:00:00.000000000,1460350800000000000,1436.0,1439.0,1435.0,1439.0,29124,719322,716720
2016-04-11 14:00:00.000000000,1460354400000000000,1439.0,1439.0,1433.0,1435.0,37505,716720,715859
2016-04-12 09:00:00.000000000,1460422800000000000,1440.0,1443.0,1435.0,1438.0,60281,715859,719643
2016-04-12 10:00:00.000000000,1460426400000000000,1438.0,1441.0,1438.0,1440.0,14144,719643,721785
2016-04-12 11:00:00.000000000,1460430000000000000,1440.0,1442.0,1438.0,1441.0,14361,721785,723082
2016-04-12 13:00:00.000000000,1460437200000000000,1441.0,1445.0,1439.0,1441.0,37024,723082,724808
2016-04-12 14:00:00.000000000,1460440800000000000,1441.0,1444.0,1439.0,1443.0,38531,724808,718366
2016-04-13 09:00:00.000000000,1460509200000000000,1450.0,1467.0,1448.0,1457.0,230559,718366,694540
2016-04-13 10:00:00.000000000,1460512800000000000,1457.0,1465.0,1452.0,1456.0,93717,694540,693504
2016-04-13 11:00:00.000000000,1460516400000000000,1456.0,1456.0,1446.0,1452.0,66154,693504,701515
2016-04-13 13:00:00.000000000,1460523600000000000,1452.0,1458.0,1451.0,1456.0,32244,701515,703518
2016-04-13 14:00:00.000000000,1460527200000000000,1456.0,1456.0,1452.0,1452.0,41404,703518,700123
2016-04-14 09:00:00.000000000,1460595600000000000,1462.0,1476.0,1458.0,1473.0,200069,700123,721579
2016-04-14 10:00:00.000000000,1460599200000000000,1473.0,1484.0,1471.0,1482.0,101087,721579,716788
2016-04-14 11:00:00.000000000,1460602800000000000,1482.0,1485.0,1477.0,1480.0,47408,716788,716121
2016-04-14 13:00:00.000000000,1460610000000000000,1480.0,1481.0,1473.0,1476.0,47815,716121,710597
2016-04-14 14:00:00.000000000,1460613600000000000,1476.0,1483.0,1475.0,1482.0,74332,710597,692471
2016-04-15 09:00:00.000000000,1460682000000000000,1479.0,1481.0,1469.0,1476.0,129624,692471,706448
2016-04-15 10:00:00.000000000,1460685600000000000,1476.0,1478.0,1472.0,1477.0,41205,706448,709812
2016-04-15 11:00:00.000000000,1460689200000000000,1477.0,1478.0,1471.0,1473.0,20325,709812,711041
2016-04-15 13:00:00.000000000,1460696400000000000,1473.0,1473.0,1462.0,1462.0,57641,711041,725717
2016-04-15 14:00:00.000000000,1460700000000000000,1462.0,1467.0,1456.0,1460.0,100921,725717,720847
2016-04-18 09:00:00.000000000,1460941200000000000,1463.0,1489.0,1462.0,1487.0,230284,720847,737398
2016-04-18 10:00:00.000000000,1460944800000000000,1487.0,1499.0,1487.0,1490.0,193531,737398,737604
2016-04-18 11:00:00.000000000,1460948400000000000,1490.0,1499.0,1489.0,1492.0,69870,737604,733901
2016-04-18 13:00:00.000000000,1460955600000000000,1492.0,1499.0,1489.0,1490.0,90486,733901,736369
2016-04-18 14:00:00.000000000,1460959200000000000,1490.0,1490.0,1479.0,1481.0,162908,736369,748933
2016-04-19 09:00:00.000000000,1461027600000000000,1488.0,1497.0,1487.0,1493.0,115529,748933,760999
2016-04-19 10:00:00.000000000,1461031200000000000,1493.0,1493.0,1482.0,1487.0,75681,760999,767720
2016-04-19 11:00:00.000000000,1461034800000000000,1487.0,1489.0,1481.0,1483.0,30174,767720,768166
2016-04-19 13:00:00.000000000,1461042000000000000,1483.0,1492.0,1482.0,1488.0,38792,768166,761602
2016-04-19 14:00:00.000000000,1461045600000000000,1488.0,1492.0,1485.0,1490.0,64769,761602,748849
2016-04-20 09:00:00.000000000,1461114000000000000,1500.0,1542.0,1500.0,1523.0,520154,748849,682390
2016-04-20 10:00:00.000000000,1461117600000000000,1523.0,1530.0,1521.0,1530.0,88429,682390,678699
2016-04-20 11:00:00.000000000,1461121200000000000,1530.0,1536.0,1525.0,1528.0,80740,678699,663908
2016-04-20 13:00:00.000000000,1461128400000000000,1528.0,1528.0,1507.0,1510.0,133546,663908,648780
2016-04-20 14:00:00.000000000,1461132000000000000,1510.0,1531.0,1509.0,1530.0,150212,648780,636739
2016-04-21 09:00:00.000000000,1461200400000000000,1551.0,1579.0,1551.0,1579.0,186557,636739,607960
2016-04-21 10:00:00.000000000,1461204000000000000,1579.0,1579.0,1574.0,1579.0,295868,607960,619273
2016-04-21 11:00:00.000000000,1461207600000000000,1579.0,1579.0,1579.0,1579.0,7250,619273,617937
2016-04-21 13:00:00.000000000,1461214800000000000,1579.0,1579.0,1579.0,1579.0,6103,617937,613614
2016-04-21 14:00:00.000000000,1461218400000000000,1579.0,1579.0,1579.0,1579.0,7460,613614,607750
2016-04-22 09:00:00.000000000,1461286800000000000,1569.0,1592.0,1544.0,1580.0,476680,607750,562446
2016-04-22 10:00:00.000000000,1461290400000000000,1580.0,1582.0,1557.0,1558.0,141334,562446,554896
2016-04-22 11:00:00.000000000,1461294000000000000,1558.0,1563.0,1524.0,1537.0,246483,554896,562435
2016-04-22 13:00:00.000000000,1461301200000000000,1538.0,1550.0,1528.0,1545.0,150407,562435,565949
2016-04-22 14:00:00.000000000,1461304800000000000,1545.0,1551.0,1535.0,1538.0,133337,565949,560819
2016-04-25 09:00:00.000000000,1461546000000000000,1525.0,1541.0,1507.0,1531.0,283636,560819,548071
2016-04-25 10:00:00.000000000,1461549600000000000,1531.0,1536.0,1528.0,1531.0,55465,548071,552771
2016-04-25 11:00:00.000000000,1461553200000000000,1531.0,1535.0,1529.0,1533.0,24419,552771,553728
2016-04-25 13:00:00.000000000,1461560400000000000,1533.0,1536.0,1531.0,1533.0,30502,553728,556288
2016-04-25 14:00:00.000000000,1461564000000000000,1533.0,1534.0,1525.0,1527.0,77453,556288,544999
2016-04-26 09:00:00.000000000,1461632400000000000,1542.0,1556.0,1541.0,1550.0,195548,544999,567556
2016-04-26 10:00:00.000000000,1461636000000000000,1550.0,1552.0,1539.0,1543.0,71535,567556,567456
2016-04-26 11:00:00.000000000,1461639600000000000,1543.0,1544.0,1536.0,1539.0,36258,567456,563883
2016-04-26 13:00:00.000000000,1461646800000000000,1539.0,1540.0,1529.0,1534.0,55404,563883,560580
2016-04-26 14:00:00.000000000,1461650400000000000,1534.0,1545.0,1531.0,1543.0,89111,560580,548892
2016-04-27 09:00:00.000000000,1461718800000000000,1555.0,1557.0,1541.0,1544.0,143306,548892,552808
2016-04-27 10:00:00.000000000,1461722400000000000,1544.0,1545.0,1522.0,1529.0,138009,552808,568081
2016-04-27 11:00:00.000000000,1461726000000000000,1529.0,1533.0,1518.0,1531.0,79874,568081,571023
2016-04-27 13:00:00.000000000,1461733200000000000,1531.0,1532.0,1523.0,1529.0,42691,571023,570422
2016-04-27 14:00:00.000000000,1461736800000000000,1529.0,1534.0,1523.0,1524.0,62209,570422,564118
2016-04-28 09:00:00.000000000,1461805200000000000,1522.0,1531.0,1504.0,1513.0,229923,564118,563083
2016-04-28 10:00:00.000000000,1461808800000000000,1513.0,1515.0,1508.0,1510.0,45737,563083,564831
2016-04-28 11:00:00.000000000,1461812400000000000,1510.0,1514.0,1508.0,1512.0,18459,564831,564186
2016-04-28 13:00:00.000000000,1461819600000000000,1512.0,1514.0,1503.0,1505.0,44021,564186,563861
2016-04-28 14:00:00.000000000,1461823200000000000,1505.0,1523.0,1502.0,1519.0,121865,563861,539387
2016-04-29 09:00:00.000000000,1461891600000000000,1527.0,1537.0,1519.0,1525.0,149003,539387,537956
2016-04-29 10:00:00.000000000,1461895200000000000,1525.0,1529.0,1524.0,1529.0,19943,537956,538475
2016-04-29 11:00:00.000000000,1461898800000000000,1529.0,1529.0,1522.0,1523.0,16150,538475,538987
2016-04-29 13:00:00.000000000,1461906000000000000,1523.0,1524.0,1519.0,1519.0,28503,538987,546550
2016-04-29 14:00:00.000000000,1461909600000000000,1519.0,1519.0,1512.0,1514.0,69047,546550,551123
2016-05-03 09:00:00.000000000,1462237200000000000,1525.0,1538.0,1514.0,1533.0,178557,551123,559663
2016-05-03 10:00:00.000000000,1462240800000000000,1533.0,1546.0,1533.0,1540.0,80675,559663,568585
2016-05-03 11:00:00.000000000,1462244400000000000,1540.0,1543.0,1538.0,1539.0,23298,568585,569114
2016-05-03 13:00:00.000000000,1462251600000000000,1539.0,1540.0,1534.0,1537.0,34614,569114,568334
2016-05-03 14:00:00.000000000,1462255200000000000,1537.0,1545.0,1536.0,1544.0,58428,568334,565164
2016-05-04 09:00:00.000000000,1462323600000000000,1526.0,1529.0,1518.0,1524.0,137247,565164,567671
2016-05-04 10:00:00.000000000,1462327200000000000,1524.0,1526.0,1521.0,1523.0,43334,567671,562016
2016-05-04 11:00:00.000000000,1462330800000000000,1523.0,1526.0,1522.0,1526.0,11930,562016,560679
2016-05-04 13:00:00.000000000,1462338000000000000,1526.0,1532.0,1526.0,1532.0,38047,560679,556355
2016-05-04 14:00:00.000000000,1462341600000000000,1532.0,1534.0,1529.0,1531.0,48837,556355,552912
2016-05-05 09:00:00.000000000,1462410000000000000,1536.0,1537.0,1525.0,1531.0,91842,552912,567797
2016-05-05 10:00:00.000000000,1462413600000000000,1531.0,1533.0,1529.0,1530.0,23781,567797,564124
2016-05-05 11:00:00.000000000,1462417200000000000,1530.0,1532.0,1527.0,1528.0,17890,564124,562361
2016-05-05 13:00:00.000000000,1462424400000000000,1528.0,1530.0,1526.0,1528.0,25589,562361,561158
2016-05-05 14:00:00.000000000,1462428000000000000,1528.0,1530.0,1524.0,1525.0,42327,561158,552609
2016-05-06 09:00:00.000000000,1462496400000000000,1510.0,1522.0,1490.0,1518.0,162383,552609,539244
2016-05-06 10:00:00.000000000,1462500000000000000,1518.0,1522.0,1517.0,1517.0,36535,539244,541882
2016-05-06 11:00:00.000000000,1462503600000000000,1517.0,1522.0,1517.0,1521.0,15586,541882,539863
2016-05-06 13:00:00.000000000,1462510800000000000,1520.0,1521.0,1511.0,1514.0,32280,539863,538383
2016-05-06 14:00:00.000000000,1462514400000000000,1514.0,1518.0,1512.0,1515.0,42424,538383,529009
2016-05-09 09:00:00.000000000,1462755600000000000,1525.0,1529.0,1516.0,1520.0,130292,529009,535565
2016-05-09 10:00:00.000000000,1462759200000000000,1520.0,1521.0,1511.0,1511.0,49417,535565,536224
2016-05-09 11:00:00.000000000,1462762800000000000,1511.0,1514.0,1507.0,1511.0,52909,536224,525559
2016-05-09 13:00:00.000000000,1462770000000000000,1511.0,1514.0,1508.0,1509.0,26136,525559,527596
2016-05-09 14:00:00.000000000,1462773600000000000,1509.0,1515.0,1509.0,1514.0,36646,527596,522702
2016-05-10 09:00:00.000000000,1462842000000000000,1503.0,1515.0,1501.0,1512.0,96524,522702,514325
2016-05-10 10:00:00.000000000,1462845600000000000,1512.0,1516.0,1511.0,1512.0,23457,514325,517459
2016-05-10 11:00:00.000000000,1462849200000000000,1512.0,1517.0,1510.0,1517.0,19205,517459,515841
2016-05-10 13:00:00.000000000,1462856400000000000,1517.0,1519.0,1514.0,1516.0,20673,515841,517486
2016-05-10 14:00:00.000000000,1462860000000000000,1516.0,1518.0,1511.0,1512.0,41417,517486,515238
2016-05-11 09:00:00.000000000,1462928400000000000,1541.0,1563.0,1535.0,1547.0,350030,515238,542890
2016-05-11 10:00:00.000000000,1462932000000000000,1547.0,1549.0,1544.0,1548.0,45571,542890,546337
2016-05-11 11:00:00.000000000,1462935600000000000,1548.0,1554.0,1547.0,1553.0,46562,546337,543204
2016-05-11 13:00:00.000000000,1462942800000000000,1553.0,1562.0,1551.0,1562.0,77004,543204,554323
2016-05-11 14:00:00.000000000,1462946400000000000,1562.0,1562.0,1554.0,1559.0,91768,554323,546873
2016-05-12 09:00:00.000000000,1463014800000000000,1552.0,1556.0,1541.0,1546.0,132849,546873,544485
2016-05-12 10:00:00.000000000,1463018400000000000,1546.0,1552.0,1544.0,1549.0,45013,544485,547515
2016-05-12 11:00:00.000000000,1463022000000000000,1549.0,1551.0,1545.0,1550.0,23276,547515,548346
2016-05-12 13:00:00.000000000,1463029200000000000,1550.0,1553.0,1548.0,1553.0,28494,548346,549963
2016-05-12 14:00:00.000000000,1463032800000000000,1553.0,1556.0,1542.0,1543.0,90082,549963,537467
2016-05-13 09:00:00.000000000,1463101200000000000,1538.0,1546.0,1530.0,1537.0,175700,537467,527845
2016-05-13 10:00:00.000000000,1463104800000000000,1537.0,1540.0,1531.0,1532.0,43423,527845,524549
2016-05-13 11:00:00.000000000,1463108400000000000,1532.0,1538.0,1531.0,1536.0,35756,524549,518030
2016-05-13 13:00:00.000000000,1463115600000000000,1535.0,1537.0,1532.0,1535.0,14521,518030,517901
2016-05-13 14:00:00.000000000,1463119200000000000,1535.0,1539.0,1533.0,1537.0,41100,517901,508757
2016-05-16 09:00:00.000000000,1463360400000000000,1538.0,1555.0,1536.0,1551.0,154300,508757,524138
2016-05-16 10:00:00.000000000,1463364000000000000,1551.0,1555.0,1547.0,1549.0,46992,524138,528060
2016-05-16 11:00:00.000000000,1463367600000000000,1549.0,1549.0,1545.0,1546.0,33048,528060,528376
2016-05-16 13:00:00.000000000,1463374800000000000,1546.0,1547.0,1541.0,1543.0,31717,528376,525193
2016-05-16 14:00:00.000000000,1463378400000000000,1543.0,1546.0,1536.0,1539.0,82294,525193,515988
2016-05-17 09:00:00.000000000,1463446800000000000,1545.0,1550.0,1542.0,1547.0,75039,515988,526998
2016-05-17 10:00:00.000000000,1463450400000000000,1547.0,1549.0,1545.0,1545.0,26499,526998,529425
2016-05-17 11:00:00.000000000,1463454000000000000,1545.0,1550.0,1545.0,1549.0,19361,529425,532263
2016-05-17 13:00:00.000000000,1463461200000000000,1549.0,1551.0,1546.0,1549.0,28291,532263,535654
2016-05-17 14:00:00.000000000,1463464800000000000,1549.0,1552.0,1547.0,1551.0,50211,535654,532275
2016-05-18 09:00:00.000000000,1463533200000000000,1562.0,1573.0,1560.0,1566.0,197191,532275,549563
2016-05-18 10:00:00.000000000,1463536800000000000,1566.0,1575.0,1566.0,1572.0,54864,549563,556268
2016-05-18 11:00:00.000000000,1463540400000000000,1572.0,1575.0,1564.0,1564.0,50961,556268,553036
2016-05-18 13:00:00.000000000,1463547600000000000,1564.0,1564.0,1558.0,1561.0,69897,553036,544898
2016-05-18 14:00:00.000000000,1463551200000000000,1561.0,1562.0,1522.0,1539.0,242948,544898,521839
2016-05-19 09:00:00.000000000,1463619600000000000,1545.0,1548.0,1538.0,1542.0,80631,521839,528767
2016-05-19 10:00:00.000000000,1463623200000000000,1542.0,1547.0,1540.0,1544.0,29762,528767,528983
2016-05-19 11:00:00.000000000,1463626800000000000,1544.0,1549.0,1543.0,1548.0,30889,528983,529989
2016-05-19 13:00:00.000000000,1463634000000000000,1548.0,1549.0,1539.0,1540.0,40229,529989,526306
2016-05-19 14:00:00.000000000,1463637600000000000,1540.0,1551.0,1538.0,1549.0,77691,526306,526040
2016-05-20 09:00:00.000000000,1463706000000000000,1548.0,1558.0,1542.0,1544.0,81280,526040,531182
2016-05-20 10:00:00.000000000,1463709600000000000,1544.0,1545.0,1541.0,1544.0,16757,531182,531398
2016-05-20 11:00:00.000000000,1463713200000000000,1544.0,1546.0,1543.0,1544.0,10885,531398,529606
2016-05-20 13:00:00.000000000,1463720400000000000,1544.0,1546.0,1538.0,1542.0,31691,529606,530508
2016-05-20 14:00:00.000000000,1463724000000000000,1542.0,1544.0,1540.0,1544.0,46186,530508,526465
2016-05-23 09:00:00.000000000,1463965200000000000,1544.0,1554.0,1535.0,1552.0,140509,526465,533875
2016-05-23 10:00:00.000000000,1463968800000000000,1552.0,1553.0,1545.0,1545.0,50474,533875,532547
2016-05-23 11:00:00.000000000,1463972400000000000,1545.0,1547.0,1539.0,1540.0,46497,532547,522996
2016-05-23 13:00:00.000000000,1463979600000000000,1540.0,1542.0,1538.0,1538.0,33154,522996,522437
2016-05-23 14:00:00.000000000,1463983200000000000,1538.0,1539.0,1528.0,1532.0,98307,522437,507854
2016-05-24 09:00:00.000000000,1464051600000000000,1530.0,1538.0,1526.0,1533.0,85602,507854,509254
2016-05-24 10:00:00.000000000,1464055200000000000,1533.0,1536.0,1520.0,1527.0,79190,509254,505995
2016-05-24 11:00:00.000000000,1464058800000000000,1527.0,1527.0,1513.0,1523.0,89360,505995,500428
2016-05-24 13:00:00.000000000,1464066000000000000,1523.0,1524.0,1517.0,1520.0,37540,500428,492223
2016-05-24 14:00:00.000000000,1464069600000000000,1520.0,1531.0,1519.0,1529.0,61590,492223,479745
2016-05-25 09:00:00.000000000,1464138000000000000,1531.0,1537.0,1526.0,1528.0,61423,479745,478719
2016-05-25 10:00:00.000000000,1464141600000000000,1528.0,1529.0,1525.0,1528.0,18040,478719,477377
2016-05-25 11:00:00.000000000,1464145200000000000,1528.0,1530.0,1527.0,1529.0,10769,477377,477039
2016-05-25 13:00:00.000000000,1464152400000000000,1529.0,1529.0,1527.0,1528.0,8722,477039,476890
2016-05-25 14:00:00.000000000,1464156000000000000,1528.0,1529.0,1523.0,1527.0,46452,476890,472081
2016-05-26 09:00:00.000000000,1464224400000000000,1534.0,1544.0,1534.0,1537.0,116194,472081,480928
2016-05-26 10:00:00.000000000,1464228000000000000,1537.0,1538.0,1532.0,1536.0,26872,480928,480135
2016-05-26 11:00:00.000000000,1464231600000000000,1536.0,1542.0,1536.0,1540.0,30889,480135,475054
2016-05-26 13:00:00.000000000,1464238800000000000,1540.0,1542.0,1538.0,1540.0,10100,475054,475022
2016-05-26 14:00:00.000000000,1464242400000000000,1540.0,1549.0,1539.0,1548.0,47082,475022,476081
2016-05-27 09:00:00.000000000,1464310800000000000,1544.0,1555.0,1539.0,1554.0,99832,476081,486832
2016-05-27 10:00:00.000000000,1464314400000000000,1554.0,1570.0,1554.0,1568.0,126310,486832,513828
2016-05-27 11:00:00.000000000,1464318000000000000,1568.0,1572.0,1562.0,1565.0,49181,513828,513932
2016-05-27 13:00:00.000000000,1464325200000000000,1565.0,1571.0,1562.0,1571.0,67665,513932,529760
2016-05-27 14:00:00.000000000,1464328800000000000,1571.0,1573.0,1549.0,1564.0,147405,529760,523494
2016-05-30 09:00:00.000000000,1464570000000000000,1571.0,1597.0,1568.0,1590.0,253255,523494,559847
2016-05-30 10:00:00.000000000,1464573600000000000,1590.0,1609.0,1586.0,1606.0,74494,559847,567669
2016-05-30 11:00:00.000000000,1464577200000000000,1606.0,1614.0,1596.0,1596.0,109841,567669,563887
2016-05-30 13:00:00.000000000,1464584400000000000,1596.0,1609.0,1595.0,1607.0,77165,563887,568259
2016-05-30 14:00:00.000000000,1464588000000000000,1607.0,1624.0,1604.0,1622.0,212353,568259,584130
2016-05-31 09:00:00.000000000,1464656400000000000,1620.0,1638.0,1617.0,1631.0,233135,584130,610564
2016-05-31 10:00:00.000000000,1464660000000000000,1631.0,1640.0,1620.0,1621.0,99660,610564,614064
2016-05-31 11:00:00.000000000,1464663600000000000,1621.0,1624.0,1613.0,1617.0,73601,614064,611104
2016-05-31 13:00:00.000000000,1464670800000000000,1617.0,1621.0,1608.0,1611.0,77887,611104,612397
2016-05-31 14:00:00.000000000,1464674400000000000,1611.0,1617.0,1604.0,1615.0,112659,612397,603896
2016-06-01 09:00:00.000000000,1464742800000000000,1608.0,1614.0,1601.0,1608.0,156836,603896,592368
2016-06-01 10:00:00.000000000,1464746400000000000,1608.0,1616.0,1608.0,1609.0,47909,592368,594328
2016-06-01 11:00:00.000000000,1464750000000000000,1609.0,1614.0,1607.0,1613.0,22324,594328,588637
2016-06-01 13:00:00.000000000,1464757200000000000,1613.0,1619.0,1611.0,1615.0,33888,588637,590821
2016-06-01 14:00:00.000000000,1464760800000000000,1615.0,1616.0,1603.0,1614.0,82681,590821,579376
2016-06-02 09:00:00.000000000,1464829200000000000,1639.0,1642.0,1625.0,1630.0,169699,579376,595552
2016-06-02 10:00:00.000000000,1464832800000000000,1630.0,1632.0,1621.0,1626.0,55088,595552,594399
2016-06-02 11:00:00.000000000,1464836400000000000,1626.0,1628.0,1623.0,1626.0,16869,594399,593574
2016-06-02 13:00:00.000000000,1464843600000000000,1626.0,1633.0,1624.0,1629.0,27495,593574,596298
2016-06-02 14:00:00.000000000,1464847200000000000,1629.0,1630.0,1610.0,1611.0,93682,596298,598097
2016-06-03 09:00:00.000000000,1464915600000000000,1618.0,1623.0,1612.0,1616.0,135762,598097,601235
2016-06-03 10:00:00.000000000,1464919200000000000,1616.0,1618.0,1612.0,1614.0,62155,601235,586412
2016-06-03 11:00:00.000000000,1464922800000000000,1614.0,1617.0,1602.0,1605.0,62144,586412,585080
2016-06-03 13:00:00.000000000,1464930000000000000,1605.0,1608.0,1603.0,1604.0,45824,585080,574211
2016-06-03 14:00:00.000000000,1464933600000000000,1604.0,1615.0,1603.0,1613.0,85101,574211,558385
2016-06-06 09:00:00.000000000,1465174800000000000,1622.0,1635.0,1621.0,1627.0,123848,558385,565741
2016-06-06 10:00:00.000000000,1465178400000000000,1627.0,1629.0,1619.0,1622.0,47851,565741,562707
2016-06-06 11:00:00.000000000,1465182000000000000,1622.0,1625.0,1621.0,1623.0,17473,562707,559844
2016-06-06 13:00:00.000000000,1465189200000000000,1624.0,1627.0,1621.0,1624.0,26147,559844,565151
2016-06-06 14:00:00.000000000,1465192800000000000,1624.0,1628.0,1622.0,1626.0,46076,565151,564211
2016-06-07 09:00:00.000000000,1465261200000000000,1635.0,1638.0,1620.0,1621.0,132997,564211,582271
2016-06-07 10:00:00.000000000,1465264800000000000,1621.0,1626.0,1620.0,1625.0,21150,582271,580875
2016-06-07 11:00:00.000000000,1465268400000000000,1625.0,1626.0,1622.0,1625.0,10137,580875,581130
2016-06-07 13:00:00.000000000,1465275600000000000,1625.0,1628.0,1621.0,1624.0,23618,581130,581564
2016-06-07 14:00:00.000000000,1465279200000000000,1624.0,1626.0,1615.0,1626.0,60333,581564,577896
2016-06-08 09:00:00.000000000,1465347600000000000,1626.0,1628.0,1619.0,1626.0,67598,577896,580863
2016-06-08 10:00:00.000000000,1465351200000000000,1626.0,1628.0,1620.0,1622.0,37103,580863,583147
2016-06-08 11:00:00.000000000,1465354800000000000,1622.0,1623.0,1618.0,1620.0,22772,583147,583512
2016-06-08 13:00:00.000000000,1465362000000000000,1621.0,1622.0,1617.0,1618.0,20773,583512,584607
2016-06-08 14:00:00.000000000,1465365600000000000,1618.0,1621.0,1613.0,1615.0,57236,584607,577438
2016-06-13 09:00:00.000000000,1465779600000000000,1632.0,1670.0,1625.0,1669.0,344646,577438,645200
2016-06-13 10:00:00.000000000,1465783200000000000,1669.0,1673.0,1659.0,1667.0,136234,645200,654730
2016-06-13 11:00:00.000000000,1465786800000000000,1667.0,1674.0,1664.0,1671.0,72916,654730,659523
2016-06-13 13:00:00.000000000,1465794000000000000,1672.0,1678.0,1663.0,1665.0,84506,659523,665555
2016-06-13 14:00:00.000000000,1465797600000000000,1665.0,1680.0,1664.0,1669.0,131369,665555,666337
2016-06-14 09:00:00.000000000,1465866000000000000,1660.0,1666.0,1647.0,1662.0,179556,666337,659189
2016-06-14 10:00:00.000000000,1465869600000000000,1662.0,1673.0,1659.0,1661.0,100735,659189,656019
2016-06-14 11:00:00.000000000,1465873200000000000,1661.0,1664.0,1650.0,1655.0,62094,656019,655294
2016-06-14 13:00:00.000000000,1465880400000000000,1655.0,1662.0,1654.0,1660.0,44668,655294,659132
2016-06-14 14:00:00.000000000,1465884000000000000,1660.0,1666.0,1656.0,1665.0,106511,659132,651641
2016-06-15 09:00:00.000000000,1465952400000000000,1670.0,1678.0,1655.0,1658.0,175927,651641,684673
2016-06-15 10:00:00.000000000,1465956000000000000,1658.0,1658.0,1647.0,1651.0,72056,684673,693035
2016-06-15 11:00:00.000000000,1465959600000000000,1651.0,1652.0,1587.0,1593.0,209387,693035,666025
2016-06-15 13:00:00.000000000,1465966800000000000,1593.0,1608.0,1593.0,1604.0,213273,666025,654569
2016-06-15 14:00:00.000000000,1465970400000000000,1604.0,1613.0,1603.0,1606.0,161503,654569,646161
2016-06-16 09:00:00.000000000,1466038800000000000,1598.0,1606.0,1573.0,1601.0,238216,646161,619934
2016-06-16 10:00:00.000000000,1466042400000000000,1601.0,1606.0,1587.0,1593.0,88280,619934,620109
2016-06-16 11:00:00.000000000,1466046000000000000,1593.0,1600.0,1588.0,1598.0,36392,620109,618402
2016-06-16 13:00:00.000000000,1466053200000000000,1597.0,1600.0,1594.0,1597.0,32495,618402,620426
2016-06-16 14:00:00.000000000,1466056800000000000,1597.0,1598.0,1575.0,1576.0,162514,620426,603338
2016-06-17 09:00:00.000000000,1466125200000000000,1580.0,1593.0,1577.0,1584.0,112002,603338,594431
2016-06-17 10:00:00.000000000,1466128800000000000,1584.0,1597.0,1584.0,1594.0,62457,594431,589470
2016-06-17 11:00:00.000000000,1466132400000000000,1594.0,1596.0,1584.0,1590.0,55959,589470,591386
2016-06-17 13:00:00.000000000,1466139600000000000,1590.0,1590.0,1576.0,1577.0,64640,591386,597744
2016-06-17 14:00:00.000000000,1466143200000000000,1577.0,1589.0,1577.0,1588.0,80427,597744,592173
2016-06-20 09:00:00.000000000,1466384400000000000,1595.0,1604.0,1592.0,1593.0,171604,592173,600092
2016-06-20 10:00:00.000000000,1466388000000000000,1593.0,1597.0,1580.0,1586.0,92360,600092,624427
2016-06-20 11:00:00.000000000,1466391600000000000,1586.0,1587.0,1583.0,1586.0,20847,624427,628116
2016-06-20 13:00:00.000000000,1466398800000000000,1587.0,1587.0,1582.0,1586.0,38848,628116,633836
2016-06-20 14:00:00.000000000,1466402400000000000,1586.0,1593.0,1583.0,1592.0,62776,633836,628504
2016-06-21 09:00:00.000000000,1466470800000000000,1585.0,1596.0,1581.0,1593.0,100600,628504,625842
2016-06-21 10:00:00.000000000,1466474400000000000,1593.0,1597.0,1591.0,1593.0,32388,625842,628770
2016-06-21 11:00:00.000000000,1466478000000000000,1593.0,1593.0,1586.0,1588.0,25218,628770,628753
2016-06-21 13:00:00.000000000,1466485200000000000,1588.0,1589.0,1582.0,1583.0,42530,628753,635631
2016-06-21 14:00:00.000000000,1466488800000000000,1583.0,1588.0,1580.0,1585.0,67470,635631,635389
2016-06-22 09:00:00.000000000,1466557200000000000,1565.0,1574.0,1554.0,1569.0,159201,635389,644883
2016-06-22 10:00:00.000000000,1466560800000000000,1569.0,1571.0,1564.0,1567.0,40881,644883,648290
2016-06-22 11:00:00.000000000,1466564400000000000,1567.0,1573.0,1566.0,1569.0,23310,648290,643905
2016-06-22 13:00:00.000000000,1466571600000000000,1570.0,1573.0,1568.0,1570.0,18635,643905,644419
2016-06-22 14:00:00.000000000,1466575200000000000,1570.0,1578.0,1570.0,1575.0,74258,644419,640494
2016-06-23 09:00:00.000000000,1466643600000000000,1571.0,1581.0,1570.0,1573.0,96060,640494,657788
2016-06-23 10:00:00.000000000,1466647200000000000,1573.0,1578.0,1570.0,1572.0,36177,657788,658221
2016-06-23 11:00:00.000000000,1466650800000000000,1572.0,1574.0,1564.0,1567.0,44255,658221,658959
2016-06-23 13:00:00.000000000,1466658000000000000,1566.0,1569.0,1561.0,1566.0,51392,658959,660336
2016-06-23 14:00:00.000000000,1466661600000000000,1566.0,1567.0,1554.0,1556.0,109604,660336,656231
2016-06-24 09:00:00.000000000,1466730000000000000,1553.0,1564.0,1547.0,1561.0,116888,656231,656088
2016-06-24 10:00:00.000000000,1466733600000000000,1561.0,1562.0,1554.0,1555.0,29984,656088,655230
2016-06-24 11:00:00.000000000,1466737200000000000,1555.0,1556.0,1548.0,1550.0,38157,655230,653512
2016-06-24 13:00:00.000000000,1466744400000000000,1547.0,1558.0,1543.0,1548.0,72267,653512,646928
2016-06-24 14:00:00.000000000,1466748000000000000,1548.0,1552.0,1540.0,1542.0,75739,646928,643854
2016-06-27 09:00:00.000000000,1466989200000000000,1550.0,1558.0,1544.0,1554.0,167748,643854,666719
2016-06-27 10:00:00.000000000,1466992800000000000,1554.0,1558.0,1543.0,1546.0,112641,666719,696257
2016-06-27 11:00:00.000000000,1466996400000000000,1546.0,1547.0,1542.0,1545.0,33714,696257,698971
2016-06-27 13:00:00.000000000,1467003600000000000,1545.0,1554.0,1545.0,1547.0,59829,698971,706647
2016-06-27 14:00:00.000000000,1467007200000000000,1547.0,1553.0,1546.0,1551.0,93906,706647,719979
2016-06-28 09:00:00.000000000,1467075600000000000,1546.0,1563.0,1545.0,1560.0,153254,719979,727226
2016-06-28 10:00:00.000000000,1467079200000000000,1560.0,1568.0,1558.0,1566.0,83705,727226,732585
2016-06-28 11:00:00.000000000,1467082800000000000,1566.0,1571.0,1560.0,1565.0,83890,732585,741810
2016-06-28 13:00:00.000000000,1467090000000000000,1564.0,1578.0,1564.0,1570.0,75393,741810,750034
2016-06-28 14:00:00.000000000,1467093600000000000,1570.0,1576.0,1567.0,1567.0,106132,750034,737753
2016-06-29 09:00:00.000000000,1467162000000000000,1568.0,1580.0,1562.0,1565.0,210475,737753,755823
2016-06-29 10:00:00.000000000,1467165600000000000,1565.0,1568.0,1559.0,1561.0,61933,755823,753029
2016-06-29 11:00:00.000000000,1467169200000000000,1561.0,1561.0,1554.0,1559.0,46757,753029,752141
2016-06-29 13:00:00.000000000,1467176400000000000,1559.0,1567.0,1559.0,1564.0,40766,752141,748774
2016-06-29 14:00:00.000000000,1467180000000000000,1564.0,1568.0,1560.0,1566.0,73629,748774,743672
2016-06-30 09:00:00.000000000,1467248400000000000,1564.0,1583.0,1560.0,1579.0,173270,743672,747329
2016-06-30 10:00:00.000000000,1467252000000000000,1579.0,1590.0,1577.0,1577.0,118468,747329,748695
2016-06-30 11:00:00.000000000,1467255600000000000,1577.0,1582.0,1577.0,1579.0,23473,748695,746598
2016-06-30 13:00:00.000000000,1467262800000000000,1580.0,1583.0,1573.0,1577.0,43885,746598,744900
2016-06-30 14:00:00.000000000,1467266400000000000,1577.0,1582.0,1576.0,1581.0,83381,744900,747699
2016-07-01 09:00:00.000000000,1467334800000000000,1580.0,1583.0,1562.0,1570.0,188550,747699,763902
2016-07-01 10:00:00.000000000,1467338400000000000,1570.0,1572.0,1566.0,1572.0,46617,763902,768532
2016-07-01 11:00:00.000000000,1467342000000000000,1572.0,1572.0,1566.0,1567.0,27213,768532,769536
2016-07-01 13:00:00.000000000,1467349200000000000,1569.0,1572.0,1566.0,1572.0,29595,769536,770567
2016-07-01 14:00:00.000000000,1467352800000000000,1572.0,1572.0,1548.0,1550.0,146225,770567,783184
2016-07-04 09:00:00.000000000,1467594000000000000,1561.0,1584.0,1552.0,1578.0,354556,783184,815558
2016-07-04 10:00:00.000000000,1467597600000000000,1578.0,1588.0,1575.0,1581.0,149953,815558,844183
2016-07-04 11:00:00.000000000,1467601200000000000,1581.0,1581.0,1575.0,1578.0,39242,844183,841073
2016-07-04 13:00:00.000000000,1467608400000000000,1579.0,1593.0,1579.0,1584.0,141618,841073,859910
2016-07-04 14:00:00.000000000,1467612000000000000,1584.0,1594.0,1578.0,1583.0,172507,859910,849498
2016-07-05 09:00:00.000000000,1467680400000000000,1578.0,1578.0,1522.0,1543.0,464215,849498,875723
2016-07-05 10:00:00.000000000,1467684000000000000,1543.0,1551.0,1540.0,1545.0,105805,875723,869589
2016-07-05 11:00:00.000000000,1467687600000000000,1545.0,1545.0,1531.0,1538.0,93665,869589,880863
2016-07-05 13:00:00.000000000,1467694800000000000,1538.0,1545.0,1534.0,1545.0,58045,880863,882321
2016-07-05 14:00:00.000000000,1467698400000000000,1545.0,1548.0,1536.0,1537.0,153758,882321,881403
2016-07-06 09:00:00.000000000,1467766800000000000,1521.0,1527.0,1509.0,1523.0,297139,881403,895859
2016-07-06 10:00:00.000000000,1467770400000000000,1523.0,1527.0,1519.0,1522.0,99273,895859,897619
2016-07-06 11:00:00.000000000,1467774000000000000,1522.0,1523.0,1520.0,1523.0,15688,897619,898027
2016-07-06 13:00:00.000000000,1467781200000000000,1523.0,1529.0,1523.0,1526.0,40494,898027,897289
2016-07-06 14:00:00.000000000,1467784800000000000,1526.0,1527.0,1517.0,1518.0,122814,897289,882620
2016-07-07 09:00:00.000000000,1467853200000000000,1525.0,1536.0,1522.0,1525.0,164250,882620,895649
2016-07-07 10:00:00.000000000,1467856800000000000,1525.0,1532.0,1523.0,1529.0,56668,895649,893660
2016-07-07 11:00:00.000000000,1467860400000000000,1529.0,1530.0,1526.0,1527.0,28883,893660,893733
2016-07-07 13:00:00.000000000,1467867600000000000,1526.0,1529.0,1504.0,1505.0,160781,893733,919755
2016-07-07 14:00:00.000000000,1467871200000000000,1505.0,1515.0,1504.0,1510.0,174570,919755,898091
2016-07-08 09:00:00.000000000,1467939600000000000,1505.0,1520.0,1505.0,1510.0,208477,898091,874589
2016-07-08 10:00:00.000000000,1467943200000000000,1510.0,1515.0,1507.0,1512.0,105882,874589,845003
2016-07-08 11:00:00.000000000,1467946800000000000,1512.0,1515.0,1509.0,1510.0,42422,845003,839521
2016-07-08 13:00:00.000000000,1467954000000000000,1511.0,1521.0,1510.0,1517.0,73406,839521,829245
2016-07-08 14:00:00.000000000,1467957600000000000,1517.0,1529.0,1516.0,1523.0,149360,829245,817156
2016-07-11 09:00:00.000000000,1468198800000000000,1533.0,1542.0,1529.0,1533.0,149617,817156,815052
2016-07-11 10:00:00.000000000,1468202400000000000,1533.0,1536.0,1531.0,1535.0,26114,815052,819568
2016-07-11 11:00:00.000000000,1468206000000000000,1535.0,1539.0,1534.0,1537.0,32459,819568,814723
2016-07-11 13:00:00.000000000,1468213200000000000,1537.0,1538.0,1531.0,1533.0,33328,814723,817356
2016-07-11 14:00:00.000000000,1468216800000000000,1533.0,1538.0,1529.0,1532.0,82038,817356,819278
2016-07-12 09:00:00.000000000,1468285200000000000,1528.0,1528.0,1514.0,1524.0,147327,819278,832786
2016-07-12 10:00:00.000000000,1468288800000000000,1524.0,1528.0,1518.0,1521.0,66402,832786,831408
2016-07-12 11:00:00.000000000,1468292400000000000,1521.0,1524.0,1521.0,1524.0,18099,831408,829337
2016-07-12 13:00:00.000000000,1468299600000000000,1524.0,1525.0,1518.0,1521.0,34392,829337,831035
2016-07-12 14:00:00.000000000,1468303200000000000,1521.0,1526.0,1520.0,1525.0,53782,831035,824960
2016-07-13 09:00:00.000000000,1468371600000000000,1532.0,1538.0,1529.0,1530.0,153697,824960,843979
2016-07-13 10:00:00.000000000,1468375200000000000,1530.0,1536.0,1528.0,1536.0,46415,843979,846892
2016-07-13 11:00:00.000000000,1468378800000000000,1536.0,1538.0,1534.0,1536.0,38435,846892,847530
2016-07-13 13:00:00.000000000,1468386000000000000,1536.0,1545.0,1535.0,1537.0,95218,847530,853657
2016-07-13 14:00:00.000000000,1468389600000000000,1537.0,1538.0,1523.0,1526.0,130848,853657,853868
2016-07-14 09:00:00.000000000,1468458000000000000,1534.0,1536.0,1521.0,1527.0,140764,853868,872720
2016-07-14 10:00:00.000000000,1468461600000000000,1527.0,1532.0,1526.0,1532.0,30337,872720,873220
2016-07-14 11:00:00.000000000,1468465200000000000,1532.0,1532.0,1528.0,1529.0,22875,873220,873728
2016-07-14 13:00:00.000000000,1468472400000000000,1529.0,1530.0,1523.0,1524.0,46377,873728,886438
2016-07-14 14:00:00.000000000,1468476000000000000,1524.0,1531.0,1523.0,1528.0,64220,886438,887974
2016-07-15 09:00:00.000000000,1468544400000000000,1511.0,1520.0,1510.0,1514.0,162419,887974,919325
2016-07-15 10:00:00.000000000,1468548000000000000,1514.0,1518.0,1512.0,1518.0,29233,919325,918025
2016-07-15 11:00:00.000000000,1468551600000000000,1518.0,1518.0,1515.0,1516.0,11124,918025,919041
2016-07-15 13:00:00.000000000,1468558800000000000,1515.0,1516.0,1511.0,1513.0,41366,919041,922667
2016-07-15 14:00:00.000000000,1468562400000000000,1513.0,1516.0,1511.0,1514.0,57765,922667,915046
2016-07-18 09:00:00.000000000,1468803600000000000,1510.0,1510.0,1482.0,1488.0,258905,915046,939471
2016-07-18 10:00:00.000000000,1468807200000000000,1488.0,1490.0,1482.0,1486.0,87925,939471,940846
2016-07-18 11:00:00.000000000,1468810800000000000,1486.0,1490.0,1485.0,1487.0,29485,940846,936883
2016-07-18 13:00:00.000000000,1468818000000000000,1487.0,1491.0,1486.0,1487.0,34901,936883,939072
2016-07-18 14:00:00.000000000,1468821600000000000,1487.0,1488.0,1478.0,1481.0,147311,939072,923879
2016-07-19 09:00:00.000000000,1468890000000000000,1483.0,1494.0,1481.0,1483.0,134518,923879,937740
2016-07-19 10:00:00.000000000,1468893600000000000,1483.0,1484.0,1479.0,1481.0,47310,937740,946161
2016-07-19 11:00:00.000000000,1468897200000000000,1481.0,1483.0,1476.0,1478.0,39187,946161,944562
2016-07-19 13:00:00.000000000,1468904400000000000,1478.0,1481.0,1477.0,1478.0,35504,944562,939129
2016-07-19 14:00:00.000000000,1468908000000000000,1478.0,1484.0,1476.0,1481.0,102709,939129,927110
2016-07-20 09:00:00.000000000,1468976400000000000,1478.0,1478.0,1465.0,1471.0,149239,927110,943659
2016-07-20 10:00:00.000000000,1468980000000000000,1471.0,1472.0,1465.0,1469.0,52488,943659,946320
2016-07-20 11:00:00.000000000,1468983600000000000,1469.0,1469.0,1467.0,1468.0,12074,946320,946449
2016-07-20 13:00:00.000000000,1468990800000000000,1468.0,1474.0,1468.0,1474.0,47526,946449,939272
2016-07-20 14:00:00.000000000,1468994400000000000,1474.0,1493.0,1473.0,1491.0,155484,939272,908744
2016-07-21 09:00:00.000000000,1469062800000000000,1485.0,1493.0,1482.0,1487.0,141578,908744,907422
2016-07-21 10:00:00.000000000,1469066400000000000,1487.0,1490.0,1485.0,1490.0,26012,907422,908522
2016-07-21 11:00:00.000000000,1469070000000000000,1490.0,1491.0,1488.0,1489.0,15854,908522,908036
2016-07-21 13:00:00.000000000,1469077200000000000,1489.0,1492.0,1487.0,1492.0,39408,908036,910186
2016-07-21 14:00:00.000000000,1469080800000000000,1492.0,1493.0,1487.0,1489.0,62243,910186,908328
2016-07-22 09:00:00.000000000,1469149200000000000,1487.0,1490.0,1478.0,1480.0,95651,908328,911251
2016-07-22 10:00:00.000000000,1469152800000000000,1480.0,1481.0,1478.0,1479.0,46310,911251,915683
2016-07-22 11:00:00.000000000,1469156400000000000,1479.0,1480.0,1471.0,1478.0,66437,915683,911843
2016-07-22 13:00:00.000000000,1469163600000000000,1478.0,1481.0,1477.0,1479.0,22199,911843,913944
2016-07-22 14:00:00.000000000,1469167200000000000,1479.0,1480.0,1475.0,1477.0,43734,913944,909957
2016-07-25 09:00:00.000000000,1469408400000000000,1480.0,1489.0,1473.0,1486.0,127889,909957,920205
2016-07-25 10:00:00.000000000,1469412000000000000,1486.0,1489.0,1477.0,1479.0,65512,920205,927347
2016-07-25 11:00:00.000000000,1469415600000000000,1479.0,1482.0,1478.0,1480.0,13306,927347,928796
2016-07-25 13:00:00.000000000,1469422800000000000,1480.0,1483.0,1480.0,1480.0,17889,928796,928760
2016-07-25 14:00:00.000000000,1469426400000000000,1480.0,1482.0,1479.0,1480.0,38609,928760,925371
2016-07-26 09:00:00.000000000,1469494800000000000,1479.0,1486.0,1476.0,1483.0,69894,925371,921150
2016-07-26 10:00:00.000000000,1469498400000000000,1483.0,1485.0,1481.0,1481.0,22575,921150,923031
2016-07-26 11:00:00.000000000,1469502000000000000,1481.0,1483.0,1481.0,1482.0,10620,923031,923058
2016-07-26 13:00:00.000000000,1469509200000000000,1483.0,1486.0,1482.0,1485.0,20819,923058,921561
2016-07-26 14:00:00.000000000,1469512800000000000,1485.0,1488.0,1483.0,1486.0,38728,921561,914256
2016-07-27 09:00:00.000000000,1469581200000000000,1489.0,1489.0,1483.0,1486.0,56457,914256,923856
2016-07-27 10:00:00.000000000,1469584800000000000,1486.0,1486.0,1483.0,1484.0,17856,923856,922129
2016-07-27 11:00:00.000000000,1469588400000000000,1484.0,1485.0,1480.0,1480.0,31710,922129,928308
2016-07-27 13:00:00.000000000,1469595600000000000,1480.0,1481.0,1474.0,1476.0,61071,928308,933759
2016-07-27 14:00:00.000000000,1469599200000000000,1476.0,1479.0,1475.0,1476.0,42843,933759,931990
2016-07-28 09:00:00.000000000,1469667600000000000,1480.0,1482.0,1470.0,1475.0,82663,931990,950463
2016-07-28 10:00:00.000000000,1469671200000000000,1475.0,1477.0,1473.0,1474.0,15794,950463,950078
2016-07-28 11:00:00.000000000,1469674800000000000,1474.0,1475.0,1471.0,1472.0,18386,950078,954743
2016-07-28 13:00:00.000000000,1469682000000000000,1472.0,1475.0,1469.0,1469.0,34929,954743,964595
2016-07-28 14:00:00.000000000,1469685600000000000,1469.0,1470.0,1460.0,1461.0,122166,964595,969572
2016-07-29 09:00:00.000000000,1469754000000000000,1460.0,1463.0,1452.0,1458.0,116334,969572,977297
2016-07-29 10:00:00.000000000,1469757600000000000,1458.0,1460.0,1455.0,1458.0,32650,977297,976565
2016-07-29 11:00:00.000000000,1469761200000000000,1458.0,1459.0,1453.0,1453.0,19838,976565,975525
2016-07-29 13:00:00.000000000,1469768400000000000,1454.0,1455.0,1444.0,1449.0,54334,975525,974418
2016-07-29 14:00:00.000000000,1469772000000000000,1449.0,1453.0,1445.0,1446.0,77537,974418,961128
2016-08-01 09:00:00.000000000,1470013200000000000,1450.0,1455.0,1447.0,1451.0,111202,961128,972305
2016-08-01 10:00:00.000000000,1470016800000000000,1451.0,1457.0,1450.0,1455.0,59835,972305,964598
2016-08-01 11:00:00.000000000,1470020400000000000,1455.0,1456.0,1452.0,1452.0,14818,964598,964489
2016-08-01 13:00:00.000000000,1470027600000000000,1452.0,1454.0,1450.0,1451.0,24020,964489,965969
2016-08-01 14:00:00.000000000,1470031200000000000,1451.0,1454.0,1449.0,1451.0,40665,965969,965987
2016-08-02 09:00:00.000000000,1470099600000000000,1447.0,1447.0,1438.0,1443.0,102384,965987,974882
2016-08-02 10:00:00.000000000,1470103200000000000,1443.0,1444.0,1440.0,1440.0,21288,974882,975151
2016-08-02 11:00:00.000000000,1470106800000000000,1440.0,1442.0,1438.0,1441.0,20598,975151,976095
2016-08-02 13:00:00.000000000,1470114000000000000,1441.0,1461.0,1439.0,1458.0,135394,976095,979996
2016-08-02 14:00:00.000000000,1470117600000000000,1458.0,1462.0,1453.0,1454.0,128717,979996,976481
2016-08-03 09:00:00.000000000,1470186000000000000,1454.0,1459.0,1447.0,1454.0,142279,976481,992886
2016-08-03 10:00:00.000000000,1470189600000000000,1454.0,1456.0,1452.0,1452.0,32889,992886,994457
2016-08-03 11:00:00.000000000,1470193200000000000,1452.0,1456.0,1452.0,1455.0,17338,994457,995913
2016-08-03 13:00:00.000000000,1470200400000000000,1456.0,1460.0,1455.0,1456.0,42943,995913,987278
2016-08-03 14:00:00.000000000,1470204000000000000,1456.0,1457.0,1453.0,1454.0,40145,987278,981626
2016-08-04 09:00:00.000000000,1470272400000000000,1455.0,1465.0,1454.0,1462.0,108947,981626,986159
2016-08-04 10:00:00.000000000,1470276000000000000,1462.0,1463.0,1460.0,1463.0,34488,986159,985460
2016-08-04 11:00:00.000000000,1470279600000000000,1463.0,1463.0,1455.0,1457.0,30400,985460,983503
2016-08-04 13:00:00.000000000,1470286800000000000,1457.0,1460.0,1455.0,1459.0,34268,983503,977353
2016-08-04 14:00:00.000000000,1470290400000000000,1459.0,1473.0,1458.0,1472.0,145274,977353,962108
2016-08-05 09:00:00.000000000,1470358800000000000,1468.0,1482.0,1466.0,1479.0,154532,962108,951929
2016-08-05 10:00:00.000000000,1470362400000000000,1479.0,1479.0,1470.0,1471.0,56712,951929,954243
2016-08-05 11:00:00.000000000,1470366000000000000,1471.0,1473.0,1470.0,1471.0,11201,954243,955923
2016-08-05 13:00:00.000000000,1470373200000000000,1472.0,1474.0,1470.0,1471.0,14142,955923,956925
2016-08-05 14:00:00.000000000,1470376800000000000,1471.0,1472.0,1468.0,1472.0,38579,956925,955262
2016-08-08 09:00:00.000000000,1470618000000000000,1473.0,1474.0,1458.0,1460.0,145564,955262,974334
2016-08-08 10:00:00.000000000,1470621600000000000,1460.0,1462.0,1456.0,1462.0,55984,974334,979586
2016-08-08 11:00:00.000000000,1470625200000000000,1462.0,1463.0,1460.0,1462.0,14700,979586,981114
2016-08-08 13:00:00.000000000,1470632400000000000,1461.0,1464.0,1459.0,1460.0,25326,981114,986126
2016-08-08 14:00:00.000000000,1470636000000000000,1460.0,1461.0,1451.0,1451.0,99390,986126,993199
2016-08-09 09:00:00.000000000,1470704400000000000,1454.0,1460.0,1451.0,1455.0,122149,993199,997683
2016-08-09 10:00:00.000000000,1470708000000000000,1455.0,1458.0,1454.0,1456.0,32512,997683,994414
2016-08-09 11:00:00.000000000,1470711600000000000,1456.0,1456.0,1448.0,1451.0,55042,994414,988926
2016-08-09 13:00:00.000000000,1470718800000000000,1451.0,1453.0,1447.0,1452.0,42186,988926,994308
2016-08-09 14:00:00.000000000,1470722400000000000,1452.0,1452.0,1442.0,1443.0,101643,994308,1014181
2016-08-10 09:00:00.000000000,1470790800000000000,1445.0,1456.0,1442.0,1451.0,136377,1014181,1011197
2016-08-10 10:00:00.000000000,1470794400000000000,1451.0,1456.0,1450.0,1453.0,51579,1011197,1017256
2016-08-10 11:00:00.000000000,1470798000000000000,1453.0,1454.0,1451.0,1452.0,23174,1017256,1015418
2016-08-10 13:00:00.000000000,1470805200000000000,1452.0,1456.0,1451.0,1452.0,42368,1015418,1014321
2016-08-10 14:00:00.000000000,1470808800000000000,1452.0,1453.0,1450.0,1453.0,44566,1014321,1012954
2016-08-11 09:00:00.000000000,1470877200000000000,1453.0,1460.0,1451.0,1454.0,102740,1012954,1008876
2016-08-11 10:00:00.000000000,1470880800000000000,1454.0,1455.0,1451.0,1455.0,18724,1008876,1007037
2016-08-11 11:00:00.000000000,1470884400000000000,1455.0,1455.0,1451.0,1453.0,22743,1007037,1013025
2016-08-11 13:00:00.000000000,1470891600000000000,1453.0,1454.0,1448.0,1450.0,30357,1013025,1017904
2016-08-11 14:00:00.000000000,1470895200000000000,1450.0,1452.0,1447.0,1449.0,32993,1017904,1015098
2016-08-12 09:00:00.000000000,1470963600000000000,1452.0,1455.0,1449.0,1450.0,54458,1015098,1020254
2016-08-12 10:00:00.000000000,1470967200000000000,1450.0,1454.0,1450.0,1453.0,16336,1020254,1018845
2016-08-12 11:00:00.000000000,1470970800000000000,1453.0,1454.0,1452.0,1453.0,6278,1018845,1017899
2016-08-12 13:00:00.000000000,1470978000000000000,1453.0,1455.0,1453.0,1454.0,19956,1017899,1010524
2016-08-12 14:00:00.000000000,1470981600000000000,1454.0,1458.0,1453.0,1456.0,48234,1010524,1000641
2016-08-15 09:00:00.000000000,1471222800000000000,1456.0,1470.0,1456.0,1468.0,149392,1000641,1010129
2016-08-15 10:00:00.000000000,1471226400000000000,1468.0,1470.0,1465.0,1469.0,47795,1010129,1010753
2016-08-15 11:00:00.000000000,1471230000000000000,1469.0,1471.0,1467.0,1468.0,32216,1010753,1010826
2016-08-15 13:00:00.000000000,1471237200000000000,1469.0,1479.0,1468.0,1476.0,72775,1010826,1006906
2016-08-15 14:00:00.000000000,1471240800000000000,1476.0,1478.0,1473.0,1476.0,78726,1006906,1000848
2016-08-16 09:00:00.000000000,1471309200000000000,1478.0,1491.0,1474.0,1476.0,222893,1000848,1012154
2016-08-16 10:00:00.000000000,1471312800000000000,1476.0,1481.0,1476.0,1479.0,38008,1012154,1007369
2016-08-16 11:00:00.000000000,1471316400000000000,1479.0,1482.0,1478.0,1480.0,18046,1007369,1002593
2016-08-16 13:00:00.000000000,1471323600000000000,1480.0,1485.0,1479.0,1483.0,40963,1002593,1000522
2016-08-16 14:00:00.000000000,1471327200000000000,1483.0,1484.0,1473.0,1477.0,89286,1000522,992537
2016-08-17 09:00:00.000000000,1471395600000000000,1480.0,1488.0,1476.0,1486.0,99594,992537,982082
2016-08-17 10:00:00.000000000,1471399200000000000,1486.0,1487.0,1483.0,1485.0,28417,982082,976362
2016-08-17 11:00:00.000000000,1471402800000000000,1485.0,1487.0,1483.0,1486.0,9540,976362,973505
2016-08-17 13:00:00.000000000,1471410000000000000,1486.0,1489.0,1485.0,1487.0,25072,973505,974538
2016-08-17 14:00:00.000000000,1471413600000000000,1487.0,1489.0,1483.0,1486.0,57336,974538,968927
2016-08-18 09:00:00.000000000,1471482000000000000,1481.0,1496.0,1478.0,1488.0,190087,968927,1007320
2016-08-18 10:00:00.000000000,1471485600000000000,1488.0,1489.0,1486.0,1487.0,23809,1007320,1008792
2016-08-18 11:00:00.000000000,1471489200000000000,1487.0,1489.0,1485.0,1487.0,16497,1008792,1009590
2016-08-18 13:00:00.000000000,1471496400000000000,1487.0,1487.0,1479.0,1480.0,50016,1009590,1009649
2016-08-18 14:00:00.000000000,1471500000000000000,1480.0,1482.0,1473.0,1475.0,102719,1009649,993936
2016-08-19 09:00:00.000000000,1471568400000000000,1481.0,1482.0,1475.0,1476.0,96692,993936,1001661
2016-08-19 10:00:00.000000000,1471572000000000000,1476.0,1476.0,1465.0,1468.0,77970,1001661,1008601
2016-08-19 11:00:00.000000000,1471575600000000000,1468.0,1472.0,1466.0,1470.0,28824,1008601,1010859
2016-08-19 13:00:00.000000000,1471582800000000000,1471.0,1472.0,1469.0,1471.0,17047,1010859,1011611
2016-08-19 14:00:00.000000000,1471586400000000000,1471.0,1473.0,1465.0,1467.0,54927,1011611,1014222
2016-08-22 09:00:00.000000000,1471827600000000000,1470.0,1478.0,1467.0,1477.0,116274,1014222,1016120
2016-08-22 10:00:00.000000000,1471831200000000000,1477.0,1477.0,1474.0,1475.0,12736,1016120,1015642
2016-08-22 11:00:00.000000000,1471834800000000000,1475.0,1477.0,1474.0,1475.0,9986,1015642,1012759
2016-08-22 13:00:00.000000000,1471842000000000000,1475.0,1476.0,1470.0,1471.0,26653,1012759,1011193
2016-08-22 14:00:00.000000000,1471845600000000000,1471.0,1472.0,1465.0,1467.0,80026,1011193,1007461
2016-08-23 09:00:00.000000000,1471914000000000000,1470.0,1474.0,1468.0,1471.0,69955,1007461,1017674
2016-08-23 10:00:00.000000000,1471917600000000000,1471.0,1472.0,1466.0,1469.0,22145,1017674,1018924
2016-08-23 11:00:00.000000000,1471921200000000000,1469.0,1469.0,1454.0,1455.0,83653,1018924,1028423
2016-08-23 13:00:00.000000000,1471928400000000000,1455.0,1455.0,1451.0,1452.0,55395,1028423,1036411
2016-08-23 14:00:00.000000000,1471932000000000000,1452.0,1455.0,1449.0,1455.0,100491,1036411,1033919
2016-08-24 09:00:00.000000000,1472000400000000000,1456.0,1457.0,1450.0,1452.0,72815,1033919,1037949
2016-08-24 10:00:00.000000000,1472004000000000000,1452.0,1452.0,1444.0,1448.0,63238,1037949,1047460
2016-08-24 11:00:00.000000000,1472007600000000000,1448.0,1449.0,1447.0,1447.0,13582,1047460,1046629
2016-08-24 13:00:00.000000000,1472014800000000000,1448.0,1452.0,1447.0,1448.0,25849,1046629,1044683
2016-08-24 14:00:00.000000000,1472018400000000000,1448.0,1449.0,1445.0,1448.0,44576,1044683,1043190
2016-08-25 09:00:00.000000000,1472086800000000000,1447.0,1453.0,1443.0,1447.0,105318,1043190,1050090
2016-08-25 10:00:00.000000000,1472090400000000000,1447.0,1449.0,1445.0,1446.0,26815,1050090,1047178
2016-08-25 11:00:00.000000000,1472094000000000000,1446.0,1455.0,1445.0,1453.0,60252,1047178,1049141
2016-08-25 13:00:00.000000000,1472101200000000000,1453.0,1458.0,1452.0,1455.0,50914,1049141,1046942
2016-08-25 14:00:00.000000000,1472104800000000000,1455.0,1457.0,1450.0,1452.0,70034,1046942,1042445
2016-08-26 09:00:00.000000000,1472173200000000000,1450.0,1455.0,1447.0,1448.0,89833,1042445,1054169
2016-08-26 10:00:00.000000000,1472176800000000000,1448.0,1452.0,1446.0,1449.0,25993,1054169,1053039
2016-08-26 11:00:00.000000000,1472180400000000000,1449.0,1450.0,1447.0,1449.0,5210,1053039,1052482
2016-08-26 13:00:00.000000000,1472187600000000000,1449.0,1453.0,1448.0,1450.0,23146,1052482,1051722
2016-08-26 14:00:00.000000000,1472191200000000000,1450.0,1453.0,1447.0,1448.0,40810,1051722,1053226
2016-08-29 09:00:00.000000000,1472432400000000000,1448.0,1473.0,1446.0,1468.0,262312,1053226,1055484
2016-08-29 10:00:00.000000000,1472436000000000000,1468.0,1471.0,1465.0,1467.0,57294,1055484,1058188
2016-08-29 11:00:00.000000000,1472439600000000000,1467.0,1470.0,1467.0,1468.0,11104,1058188,1059162
2016-08-29 13:00:00.000000000,1472446800000000000,1468.0,1471.0,1468.0,1469.0,31677,1059162,1065709
2016-08-29 14:00:00.000000000,1472450400000000000,1469.0,1474.0,1468.0,1469.0,70905,1065709,1056608
2016-08-30 09:00:00.000000000,1472518800000000000,1470.0,1475.0,1463.0,1463.0,155530,1056608,1042055
2016-08-30 10:00:00.000000000,1472522400000000000,1463.0,1470.0,1463.0,1467.0,45958,1042055,1045682
2016-08-30 11:00:00.000000000,1472526000000000000,1467.0,1472.0,1467.0,1470.0,19452,1045682,1049519
2016-08-30 13:00:00.000000000,1472533200000000000,1471.0,1472.0,1464.0,1466.0,32049,1049519,1049410
2016-08-30 14:00:00.000000000,1472536800000000000,1466.0,1467.0,1461.0,1461.0,67674,1049410,1047436
2016-08-31 09:00:00.000000000,1472605200000000000,1461.0,1462.0,1452.0,1461.0,167862,1047436,1012774
2016-08-31 10:00:00.000000000,1472608800000000000,1461.0,1465.0,1459.0,1464.0,47302,1012774,1017042
2016-08-31 11:00:00.000000000,1472612400000000000,1464.0,1465.0,1461.0,1464.0,17515,1017042,1019162
2016-08-31 13:00:00.000000000,1472619600000000000,1463.0,1463.0,1454.0,1455.0,56233,1019162,1017586
2016-08-31 14:00:00.000000000,1472623200000000000,1455.0,1456.0,1449.0,1450.0,119919,1017586,1017207
2016-09-01 09:00:00.000000000,1472691600000000000,1450.0,1455.0,1447.0,1454.0,91053,1017207,1028078
2016-09-01 10:00:00.000000000,1472695200000000000,1454.0,1457.0,1453.0,1453.0,45975,1028078,1027408
2016-09-01 11:00:00.000000000,1472698800000000000,1453.0,1454.0,1451.0,1453.0,18087,1027408,1028880
2016-09-01 13:00:00.000000000,1472706000000000000,1454.0,1455.0,1452.0,1453.0,18333,1028880,1030140
2016-09-01 14:00:00.000000000,1472709600000000000,1453.0,1455.0,1451.0,1455.0,57974,1030140,1029503
2016-09-02 09:00:00.000000000,1472778000000000000,1459.0,1463.0,1453.0,1456.0,128067,1029503,1044055
2016-09-02 10:00:00.000000000,1472781600000000000,1456.0,1461.0,1455.0,1458.0,50477,1044055,1050138
2016-09-02 11:00:00.000000000,1472785200000000000,1458.0,1460.0,1455.0,1456.0,17038,1050138,1052317
2016-09-02 13:00:00.000000000,1472792400000000000,1456.0,1459.0,1452.0,1454.0,39759,1052317,1055652
2016-09-02 14:00:00.000000000,1472796000000000000,1454.0,1458.0,1451.0,1455.0,82015,1055652,1053144
2016-09-05 09:00:00.000000000,1473037200000000000,1457.0,1462.0,1425.0,1439.0,299097,1053144,1089292
2016-09-05 10:00:00.000000000,1473040800000000000,1439.0,1439.0,1433.0,1434.0,71934,1089292,1100998
2016-09-05 11:00:00.000000000,1473044400000000000,1434.0,1436.0,1431.0,1432.0,48975,1100998,1101345
2016-09-05 13:00:00.000000000,1473051600000000000,1432.0,1437.0,1431.0,1433.0,54645,1101345,1107598
2016-09-05 14:00:00.000000000,1473055200000000000,1433.0,1435.0,1423.0,1425.0,179370,1107598,1118246
2016-09-06 09:00:00.000000000,1473123600000000000,1425.0,1431.0,1414.0,1429.0,260229,1118246,1137204
2016-09-06 10:00:00.000000000,1473127200000000000,1429.0,1431.0,1422.0,1423.0,36337,1137204,1139574
2016-09-06 11:00:00.000000000,1473130800000000000,1423.0,1426.0,1423.0,1425.0,12571,1139574,1139908
2016-09-06 13:00:00.000000000,1473138000000000000,1424.0,1426.0,1422.0,1425.0,25884,1139908,1139710
2016-09-06 14:00:00.000000000,1473141600000000000,1425.0,1428.0,1423.0,1428.0,63206,1139710,1136486
2016-09-07 09:00:00.000000000,1473210000000000000,1428.0,1435.0,1426.0,1434.0,126585,1136486,1140562
2016-09-07 10:00:00.000000000,1473213600000000000,1434.0,1439.0,1433.0,1433.0,65016,1140562,1131186
2016-09-07 11:00:00.000000000,1473217200000000000,1433.0,1435.0,1432.0,1435.0,13276,1131186,1130319
2016-09-07 13:00:00.000000000,1473224400000000000,1434.0,1435.0,1432.0,1433.0,20847,1130319,1129071
2016-09-07 14:00:00.000000000,1473228000000000000,1433.0,1437.0,1432.0,1433.0,60509,1129071,1124481
2016-09-08 09:00:00.000000000,1473296400000000000,1435.0,1440.0,1429.0,1435.0,135840,1124481,1127428
2016-09-08 10:00:00.000000000,1473300000000000000,1435.0,1440.0,1435.0,1436.0,44731,1127428,1122619
2016-09-08 11:00:00.000000000,1473303600000000000,1436.0,1438.0,1436.0,1437.0,12492,1122619,1123601
2016-09-08 13:00:00.000000000,1473310800000000000,1437.0,1438.0,1435.0,1436.0,19047,1123601,1125624
2016-09-08 14:00:00.000000000,1473314400000000000,1436.0,1437.0,1430.0,1437.0,70625,1125624,1122139
2016-09-09 09:00:00.000000000,1473382800000000000,1439.0,1442.0,1435.0,1436.0,100860,1122139,1116212
2016-09-09 10:00:00.000000000,1473386400000000000,1436.0,1438.0,1435.0,1436.0,14780,1116212,1114459
2016-09-09 11:00:00.000000000,1473390000000000000,1436.0,1437.0,1433.0,1437.0,15889,1114459,1117508
2016-09-09 13:00:00.000000000,1473397200000000000,1437.0,1438.0,1435.0,1436.0,9507,1117508,1117341
2016-09-09 14:00:00.000000000,1473400800000000000,1436.0,1437.0,1433.0,1436.0,41431,1117341,1108541
2016-09-12 09:00:00.000000000,1473642000000000000,1438.0,1440.0,1428.0,1430.0,91936,1108541,1104204
2016-09-12 10:00:00.000000000,1473645600000000000,1430.0,1431.0,1426.0,1430.0,36976,1104204,1105194
2016-09-12 11:00:00.000000000,1473649200000000000,1430.0,1432.0,1428.0,1429.0,14947,1105194,1102855
2016-09-12 13:00:00.000000000,1473656400000000000,1428.0,1431.0,1426.0,1427.0,33740,1102855,1098315
2016-09-12 14:00:00.000000000,1473660000000000000,1427.0,1431.0,1423.0,1430.0,68576,1098315,1096164
2016-09-13 09:00:00.000000000,1473728400000000000,1431.0,1450.0,1430.0,1448.0,224872,1096164,1077174
2016-09-13 10:00:00.000000000,1473732000000000000,1448.0,1455.0,1447.0,1449.0,95699,1077174,1062966
2016-09-13 11:00:00.000000000,1473735600000000000,1449.0,1450.0,1446.0,1449.0,20814,1062966,1058517
2016-09-13 13:00:00.000000000,1473742800000000000,1449.0,1455.0,1447.0,1452.0,38764,1058517,1056167
2016-09-13 14:00:00.000000000,1473746400000000000,1452.0,1459.0,1451.0,1452.0,126127,1056167,1035490
2016-09-14 09:00:00.000000000,1473814800000000000,1448.0,1449.0,1440.0,1444.0,121589,1035490,1017180
2016-09-14 10:00:00.000000000,1473818400000000000,1444.0,1449.0,1444.0,1447.0,26390,1017180,1014219
2016-09-14 11:00:00.000000000,1473822000000000000,1447.0,1447.0,1445.0,1446.0,7033,1014219,1014263
2016-09-14 13:00:00.000000000,1473829200000000000,1446.0,1452.0,1445.0,1450.0,21382,1014263,1018242
2016-09-14 14:00:00.000000000,1473832800000000000,1450.0,1451.0,1445.0,1446.0,47956,1018242,1015864
2016-09-19 09:00:00.000000000,1474246800000000000,1450.0,1455.0,1445.0,1452.0,123009,1015864,1025800
2016-09-19 10:00:00.000000000,1474250400000000000,1452.0,1455.0,1449.0,1454.0,63189,1025800,1023923
2016-09-19 11:00:00.000000000,1474254000000000000,1454.0,1458.0,1453.0,1458.0,68175,1023923,1043483
2016-09-19 13:00:00.000000000,1474261200000000000,1458.0,1464.0,1457.0,1464.0,95750,1043483,1064147
2016-09-19 14:00:00.000000000,1474264800000000000,1464.0,1471.0,1463.0,1466.0,182005,1064147,1059030
2016-09-20 09:00:00.000000000,1474333200000000000,1464.0,1470.0,1462.0,1466.0,92040,1059030,1060642
2016-09-20 10:00:00.000000000,1474336800000000000,1466.0,1466.0,1458.0,1461.0,54889,1060642,1062574
2016-09-20 11:00:00.000000000,1474340400000000000,1461.0,1463.0,1460.0,1462.0,13567,1062574,1065959
2016-09-20 13:00:00.000000000,1474347600000000000,1462.0,1465.0,1460.0,1464.0,27837,1065959,1060557
2016-09-20 14:00:00.000000000,1474351200000000000,1464.0,1469.0,1464.0,1467.0,104248,1060557,1047205
2016-09-21 09:00:00.000000000,1474419600000000000,1469.0,1473.0,1463.0,1467.0,102856,1047205,1053985
2016-09-21 10:00:00.000000000,1474423200000000000,1467.0,1469.0,1457.0,1457.0,93343,1053985,1053426
2016-09-21 11:00:00.000000000,1474426800000000000,1457.0,1459.0,1450.0,1452.0,79410,1053426,1048001
2016-09-21 13:00:00.000000000,1474434000000000000,1451.0,1451.0,1444.0,1446.0,112679,1048001,1054225
2016-09-21 14:00:00.000000000,1474437600000000000,1446.0,1447.0,1433.0,1435.0,190828,1054225,1046539
2016-09-22 09:00:00.000000000,1474506000000000000,1435.0,1440.0,1430.0,1438.0,126480,1046539,1056892
2016-09-22 10:00:00.000000000,1474509600000000000,1438.0,1443.0,1436.0,1441.0,48581,1056892,1059714
2016-09-22 11:00:00.000000000,1474513200000000000,1441.0,1445.0,1438.0,1439.0,30504,1059714,1055526
2016-09-22 13:00:00.000000000,1474520400000000000,1439.0,1440.0,1428.0,1428.0,74571,1055526,1059229
2016-09-22 14:00:00.000000000,1474524000000000000,1428.0,1435.0,1425.0,1433.0,146079,1059229,1048598
2016-09-23 09:00:00.000000000,1474592400000000000,1431.0,1437.0,1426.0,1426.0,128144,1048598,1067921
2016-09-23 10:00:00.000000000,1474596000000000000,1426.0,1431.0,1424.0,1428.0,43912,1067921,1064999
2016-09-23 11:00:00.000000000,1474599600000000000,1428.0,1429.0,1425.0,1427.0,16603,1064999,1063890
2016-09-23 13:00:00.000000000,1474606800000000000,1426.0,1429.0,1423.0,1428.0,57061,1063890,1070070
2016-09-23 14:00:00.000000000,1474610400000000000,1428.0,1429.0,1417.0,1419.0,140534,1070070,1085063
2016-09-26 09:00:00.000000000,1474851600000000000,1415.0,1426.0,1409.0,1422.0,189670,1085063,1091609
2016-09-26 10:00:00.000000000,1474855200000000000,1422.0,1424.0,1419.0,1421.0,34688,1091609,1093054
2016-09-26 11:00:00.000000000,1474858800000000000,1421.0,1423.0,1420.0,1421.0,12788,1093054,1091675
2016-09-26 13:00:00.000000000,1474866000000000000,1421.0,1431.0,1420.0,1424.0,71905,1091675,1085259
2016-09-26 14:00:00.000000000,1474869600000000000,1424.0,1426.0,1414.0,1416.0,166182,1085259,1101215
2016-09-27 09:00:00.000000000,1474938000000000000,1412.0,1422.0,1410.0,1417.0,125820,1101215,1094706
2016-09-27 10:00:00.000000000,1474941600000000000,1417.0,1418.0,1410.0,1412.0,57306,1094706,1102440
2016-09-27 11:00:00.000000000,1474945200000000000,1412.0,1415.0,1406.0,1410.0,100544,1102440,1110524
2016-09-27 13:00:00.000000000,1474952400000000000,1410.0,1412.0,1405.0,1407.0,46288,1110524,1109575
2016-09-27 14:00:00.000000000,1474956000000000000,1407.0,1408.0,1402.0,1404.0,122996,1109575,1096464
2016-09-28 09:00:00.000000000,1475024400000000000,1407.0,1410.0,1399.0,1401.0,129907,1096464,1091655
2016-09-28 10:00:00.000000000,1475028000000000000,1401.0,1403.0,1398.0,1400.0,43858,1091655,1091183
2016-09-28 11:00:00.000000000,1475031600000000000,1400.0,1402.0,1398.0,1398.0,38120,1091183,1089924
2016-09-28 13:00:00.000000000,1475038800000000000,1398.0,1399.0,1391.0,1393.0,119658,1089924,1081768
2016-09-28 14:00:00.000000000,1475042400000000000,1393.0,1394.0,1389.0,1394.0,132933,1081768,1056663
2016-09-29 09:00:00.000000000,1475110800000000000,1397.0,1402.0,1393.0,1401.0,109872,1056663,1039406
2016-09-29 10:00:00.000000000,1475114400000000000,1401.0,1402.0,1392.0,1393.0,41324,1039406,1043946
2016-09-29 11:00:00.000000000,1475118000000000000,1393.0,1397.0,1393.0,1396.0,16479,1043946,1041633
2016-09-29 13:00:00.000000000,1475125200000000000,1396.0,1398.0,1386.0,1386.0,54812,1041633,1049495
2016-09-29 14:00:00.000000000,1475128800000000000,1386.0,1392.0,1383.0,1390.0,122078,1049495,1037434
2016-09-30 09:00:00.000000000,1475197200000000000,1389.0,1398.0,1382.0,1397.0,157137,1037434,1021361
2016-09-30 10:00:00.000000000,1475200800000000000,1397.0,1397.0,1392.0,1396.0,35211,1021361,1012685
2016-09-30 11:00:00.000000000,1475204400000000000,1396.0,1399.0,1394.0,1398.0,32714,1012685,1002074
2016-09-30 13:00:00.000000000,1475211600000000000,1398.0,1399.0,1395.0,1396.0,22977,1002074,998982
2016-09-30 14:00:00.000000000,1475215200000000000,1396.0,1399.0,1393.0,1394.0,52145,998982,982819
2016-10-10 09:00:00.000000000,1476061200000000000,1400.0,1418.0,1399.0,1417.0,220584,982819,958976
2016-10-10 10:00:00.000000000,1476064800000000000,1417.0,1428.0,1415.0,1425.0,122319,958976,937870
2016-10-10 11:00:00.000000000,1476068400000000000,1425.0,1429.0,1423.0,1424.0,47064,937870,926277
2016-10-10 13:00:00.000000000,1476075600000000000,1424.0,1429.0,1423.0,1426.0,46035,926277,931237
2016-10-10 14:00:00.000000000,1476079200000000000,1426.0,1434.0,1425.0,1432.0,67071,931237,919070
2016-10-11 09:00:00.000000000,1476147600000000000,1435.0,1437.0,1424.0,1427.0,110133,919070,919464
2016-10-11 10:00:00.000000000,1476151200000000000,1427.0,1431.0,1426.0,1431.0,35091,919464,923777
2016-10-11 11:00:00.000000000,1476154800000000000,1431.0,1431.0,1426.0,1426.0,19761,923777,920950
2016-10-11 13:00:00.000000000,1476162000000000000,1427.0,1429.0,1424.0,1427.0,27562,920950,922417
2016-10-11 14:00:00.000000000,1476165600000000000,1427.0,1430.0,1425.0,1427.0,46428,922417,915556
2016-10-12 09:00:00.000000000,1476234000000000000,1428.0,1438.0,1419.0,1422.0,137479,915556,923804
2016-10-12 10:00:00.000000000,1476237600000000000,1422.0,1425.0,1422.0,1423.0,17381,923804,926924
2016-10-12 11:00:00.000000000,1476241200000000000,1423.0,1430.0,1423.0,1429.0,19275,926924,929126
2016-10-12 13:00:00.000000000,1476248400000000000,1429.0,1430.0,1425.0,1425.0,23277,929126,928987
2016-10-12 14:00:00.000000000,1476252000000000000,1425.0,1433.0,1425.0,1430.0,58919,928987,922893
2016-10-13 09:00:00.000000000,1476320400000000000,1428.0,1436.0,1425.0,1429.0,127702,922893,907950
2016-10-13 10:00:00.000000000,1476324000000000000,1429.0,1432.0,1426.0,1431.0,27211,907950,907903
2016-10-13 11:00:00.000000000,1476327600000000000,1431.0,1433.0,1430.0,1431.0,21296,907903,910301
2016-10-13 13:00:00.000000000,1476334800000000000,1431.0,1433.0,1428.0,1429.0,14476,910301,907693
2016-10-13 14:00:00.000000000,1476338400000000000,1429.0,1435.0,1427.0,1435.0,71753,907693,901116
2016-10-14 09:00:00.000000000,1476406800000000000,1441.0,1446.0,1436.0,1438.0,179342,901116,921282
2016-10-14 10:00:00.000000000,1476410400000000000,1438.0,1441.0,1436.0,1441.0,33892,921282,922984
2016-10-14 11:00:00.000000000,1476414000000000000,1441.0,1442.0,1437.0,1439.0,21358,922984,921205
2016-10-14 13:00:00.000000000,1476421200000000000,1439.0,1444.0,1438.0,1444.0,33576,921205,917525
2016-10-14 14:00:00.000000000,1476424800000000000,1444.0,1449.0,1443.0,1444.0,145110,917525,913246
2016-10-17 09:00:00.000000000,1476666000000000000,1450.0,1460.0,1437.0,1441.0,243854,913246,912547
2016-10-17 10:00:00.000000000,1476669600000000000,1441.0,1444.0,1438.0,1441.0,52708,912547,912919
2016-10-17 11:00:00.000000000,1476673200000000000,1441.0,1445.0,1441.0,1442.0,17729,912919,909574
2016-10-17 13:00:00.000000000,1476680400000000000,1443.0,1444.0,1438.0,1443.0,39797,909574,914131
2016-10-17 14:00:00.000000000,1476684000000000000,1443.0,1447.0,1440.0,1444.0,88208,914131,897300
2016-10-18 09:00:00.000000000,1476752400000000000,1444.0,1445.0,1432.0,1437.0,112107,897300,895574
2016-10-18 10:00:00.000000000,1476756000000000000,1437.0,1440.0,1434.0,1436.0,35866,895574,900086
2016-10-18 11:00:00.000000000,1476759600000000000,1436.0,1438.0,1436.0,1437.0,11458,900086,902056
2016-10-18 13:00:00.000000000,1476766800000000000,1438.0,1446.0,1436.0,1443.0,54562,902056,897704
2016-10-18 14:00:00.000000000,1476770400000000000,1443.0,1458.0,1443.0,1457.0,171219,897704,905917
2016-10-19 09:00:00.000000000,1476838800000000000,1460.0,1468.0,1451.0,1454.0,162074,905917,898575
2016-10-19 10:00:00.000000000,1476842400000000000,1454.0,1460.0,1452.0,1457.0,57131,898575,903400
2016-10-19 11:00:00.000000000,1476846000000000000,1457.0,1461.0,1454.0,1455.0,34183,903400,904851
2016-10-19 13:00:00.000000000,1476853200000000000,1455.0,1457.0,1454.0,1456.0,23748,904851,902212
2016-10-19 14:00:00.000000000,1476856800000000000,1456.0,1463.0,1454.0,1461.0,110840,902212,900650
2016-10-20 09:00:00.000000000,1476925200000000000,1468.0,1481.0,1464.0,1478.0,230092,900650,895326
2016-10-20 10:00:00.000000000,1476928800000000000,1478.0,1483.0,1475.0,1479.0,74933,895326,895561
2016-10-20 11:00:00.000000000,1476932400000000000,1479.0,1491.0,1479.0,1490.0,114776,895561,896168
2016-10-20 13:00:00.000000000,1476939600000000000,1489.0,1496.0,1482.0,1484.0,168968,896168,907493
2016-10-20 14:00:00.000000000,1476943200000000000,1484.0,1488.0,1481.0,1482.0,109827,907493,896115
2016-10-21 09:00:00.000000000,1477011600000000000,1473.0,1476.0,1465.0,1476.0,166725,896115,881724
2016-10-21 10:00:00.000000000,1477015200000000000,1476.0,1482.0,1474.0,1480.0,62315,881724,885937
2016-10-21 11:00:00.000000000,1477018800000000000,1480.0,1482.0,1472.0,1473.0,36724,885937,881791
2016-10-21 13:00:00.000000000,1477026000000000000,1472.0,1476.0,1471.0,1474.0,28479,881791,881655
2016-10-21 14:00:00.000000000,1477029600000000000,1474.0,1480.0,1474.0,1479.0,48600,881655,875206
2016-10-24 09:00:00.000000000,1477270800000000000,1480.0,1493.0,1478.0,1488.0,140238,875206,886777
2016-10-24 10:00:00.000000000,1477274400000000000,1488.0,1492.0,1484.0,1490.0,37092,886777,883856
2016-10-24 11:00:00.000000000,1477278000000000000,1490.0,1491.0,1486.0,1489.0,19107,883856,881618
2016-10-24 13:00:00.000000000,1477285200000000000,1489.0,1497.0,1487.0,1494.0,78236,881618,883946
2016-10-24 14:00:00.000000000,1477288800000000000,1494.0,1496.0,1485.0,1489.0,85432,883946,876497
2016-10-25 09:00:00.000000000,1477357200000000000,1492.0,1495.0,1484.0,1491.0,113383,876497,871392
2016-10-25 10:00:00.000000000,1477360800000000000,1491.0,1491.0,1475.0,1478.0,93281,871392,866236
2016-10-25 11:00:00.000000000,1477364400000000000,1478.0,1478.0,1467.0,1468.0,53964,866236,863118
2016-10-25 13:00:00.000000000,1477371600000000000,1467.0,1475.0,1466.0,1475.0,62517,863118,856079
2016-10-25 14:00:00.000000000,1477375200000000000,1475.0,1476.0,1463.0,1467.0,83049,856079,846205
2016-10-26 09:00:00.000000000,1477443600000000000,1464.0,1477.0,1463.0,1475.0,105607,846205,855160
2016-10-26 10:00:00.000000000,1477447200000000000,1475.0,1486.0,1475.0,1480.0,97130,855160,866207
2016-10-26 11:00:00.000000000,1477450800000000000,1480.0,1482.0,1478.0,1482.0,29087,866207,865777
2016-10-26 13:00:00.000000000,1477458000000000000,1481.0,1484.0,1477.0,1484.0,34160,865777,867472
2016-10-26 14:00:00.000000000,1477461600000000000,1484.0,1505.0,1482.0,1504.0,199485,867472,877450
2016-10-27 09:00:00.000000000,1477530000000000000,1509.0,1530.0,1509.0,1524.0,242586,877450,903393
2016-10-27 10:00:00.000000000,1477533600000000000,1524.0,1527.0,1520.0,1525.0,87500,903393,901749
2016-10-27 11:00:00.000000000,1477537200000000000,1525.0,1525.0,1505.0,1517.0,102051,901749,891227
2016-10-27 13:00:00.000000000,1477544400000000000,1517.0,1526.0,1514.0,1525.0,55762,891227,889906
2016-10-27 14:00:00.000000000,1477548000000000000,1525.0,1535.0,1521.0,1531.0,234105,889906,875287
2016-10-28 09:00:00.000000000,1477616400000000000,1538.0,1538.0,1523.0,1524.0,251577,875287,864181
2016-10-28 10:00:00.000000000,1477620000000000000,1524.0,1528.0,1515.0,1517.0,88144,864181,854804
2016-10-28 11:00:00.000000000,1477623600000000000,1517.0,1519.0,1512.0,1516.0,59253,854804,851304
2016-10-28 13:00:00.000000000,1477630800000000000,1515.0,1519.0,1514.0,1518.0,27602,851304,848700
2016-10-28 14:00:00.000000000,1477634400000000000,1518.0,1526.0,1515.0,1521.0,86412,848700,846375
2016-10-31 09:00:00.000000000,1477875600000000000,1519.0,1522.0,1510.0,1521.0,129495,846375,853794
2016-10-31 10:00:00.000000000,1477879200000000000,1521.0,1526.0,1520.0,1521.0,53243,853794,854851
2016-10-31 11:00:00.000000000,1477882800000000000,1521.0,1522.0,1517.0,1520.0,23488,854851,854821
2016-10-31 13:00:00.000000000,1477890000000000000,1520.0,1525.0,1519.0,1524.0,32041,854821,859700
2016-10-31 14:00:00.000000000,1477893600000000000,1524.0,1528.0,1516.0,1517.0,80353,859700,849100
2016-11-01 09:00:00.000000000,1477962000000000000,1515.0,1523.0,1506.0,1507.0,163896,849100,838757
2016-11-01 10:00:00.000000000,1477965600000000000,1507.0,1513.0,1504.0,1511.0,66838,838757,833246
2016-11-01 11:00:00.000000000,1477969200000000000,1511.0,1515.0,1509.0,1514.0,21017,833246,831477
2016-11-01 13:00:00.000000000,1477976400000000000,1514.0,1518.0,1513.0,1514.0,27949,831477,833358
2016-11-01 14:00:00.000000000,1477980000000000000,1514.0,1515.0,1508.0,1510.0,66047,833358,821149
2016-11-02 09:00:00.000000000,1478048400000000000,1502.0,1506.0,1489.0,1493.0,201213,821149,820465
2016-11-02 10:00:00.000000000,1478052000000000000,1493.0,1504.0,1491.0,1502.0,72023,820465,816759
2016-11-02 11:00:00.000000000,1478055600000000000,1502.0,1509.0,1500.0,1507.0,59533,816759,819774
2016-11-02 13:00:00.000000000,1478062800000000000,1508.0,1511.0,1505.0,1510.0,32660,819774,821326
2016-11-02 14:00:00.000000000,1478066400000000000,1510.0,1516.0,1507.0,1508.0,101931,821326,809430
2016-11-03 09:00:00.000000000,1478134800000000000,1505.0,1520.0,1504.0,1517.0,116570,809430,811623
2016-11-03 10:00:00.000000000,1478138400000000000,1517.0,1522.0,1514.0,1520.0,56502,811623,809533
2016-11-03 11:00:00.000000000,1478142000000000000,1520.0,1527.0,1520.0,1523.0,51097,809533,805763
2016-11-03 13:00:00.000000000,1478149200000000000,1524.0,1526.0,1518.0,1519.0,41626,805763,799327
2016-11-03 14:00:00.000000000,1478152800000000000,1519.0,1524.0,1516.0,1521.0,59481,799327,791433
2016-11-04 09:00:00.000000000,1478221200000000000,1523.0,1541.0,1520.0,1522.0,184878,791433,774892
2016-11-04 10:00:00.000000000,1478224800000000000,1522.0,1527.0,1520.0,1524.0,37741,774892,773603
2016-11-04 11:00:00.000000000,1478228400000000000,1524.0,1528.0,1524.0,1526.0,20994,773603,774160
2016-11-04 13:00:00.000000000,1478235600000000000,1527.0,1527.0,1514.0,1517.0,66415,774160,766720
2016-11-04 14:00:00.000000000,1478239200000000000,1517.0,1519.0,1506.0,1511.0,117920,766720,741432
2016-11-07 09:00:00.000000000,1478480400000000000,1517.0,1530.0,1515.0,1530.0,115842,741432,738282
2016-11-07 10:00:00.000000000,1478484000000000000,1530.0,1535.0,1524.0,1534.0,47263,738282,741589
2016-11-07 11:00:00.000000000,1478487600000000000,1534.0,1536.0,1526.0,1528.0,36705,741589,742607
2016-11-07 13:00:00.000000000,1478494800000000000,1528.0,1536.0,1528.0,1531.0,38231,742607,739969
2016-11-07 14:00:00.000000000,1478498400000000000,1531.0,1541.0,1528.0,1533.0,86022,739969,737425
2016-11-08 09:00:00.000000000,1478566800000000000,1532.0,1538.0,1526.0,1537.0,111120,737425,730818
2016-11-08 10:00:00.000000000,1478570400000000000,1537.0,1592.0,1537.0,1574.0,366022,730818,720092
2016-11-08 11:00:00.000000000,1478574000000000000,1574.0,1576.0,1564.0,1573.0,81046,720092,718210
2016-11-08 13:00:00.000000000,1478581200000000000,1574.0,1574.0,1566.0,1568.0,65351,718210,709937
2016-11-08 14:00:00.000000000,1478584800000000000,1568.0,1576.0,1546.0,1568.0,162791,709937,692341
2016-11-09 09:00:00.000000000,1478653200000000000,1572.0,1586.0,1569.0,1578.0,148058,692341,686500
2016-11-09 10:00:00.000000000,1478656800000000000,1578.0,1579.0,1564.0,1570.0,89217,686500,668495
2016-11-09 11:00:00.000000000,1478660400000000000,1570.0,1573.0,1562.0,1566.0,45963,668495,659907
2016-11-09 13:00:00.000000000,1478667600000000000,1566.0,1574.0,1565.0,1573.0,32894,659907,660623
2016-11-09 14:00:00.000000000,1478671200000000000,1573.0,1582.0,1571.0,1578.0,96541,660623,653762
2016-11-10 09:00:00.000000000,1478739600000000000,1570.0,1597.0,1568.0,1586.0,192527,653762,643998
2016-11-10 10:00:00.000000000,1478743200000000000,1586.0,1626.0,1582.0,1619.0,195780,643998,638320
2016-11-10 11:00:00.000000000,1478746800000000000,1619.0,1621.0,1608.0,1610.0,59589,638320,627643
2016-11-10 13:00:00.000000000,1478754000000000000,1610.0,1624.0,1610.0,1622.0,46247,627643,617587
2016-11-10 14:00:00.000000000,1478757600000000000,1622.0,1633.0,1616.0,1623.0,145516,617587,588715
2016-11-11 09:00:00.000000000,1478826000000000000,1630.0,1640.0,1617.0,1625.0,186772,588715,574103
2016-11-11 10:00:00.000000000,1478829600000000000,1625.0,1627.0,1618.0,1622.0,75169,574103,566353
2016-11-11 11:00:00.000000000,1478833200000000000,1622.0,1633.0,1621.0,1625.0,47785,566353,562479
2016-11-11 13:00:00.000000000,1478840400000000000,1625.0,1648.0,1624.0,1636.0,78997,562479,558931
2016-11-11 14:00:00.000000000,1478844000000000000,1636.0,1642.0,1625.0,1642.0,88248,558931,536611
2016-11-14 09:00:00.000000000,1479085200000000000,1596.0,1654.0,1580.0,1649.0,385228,536611,490814
2016-11-14 10:00:00.000000000,1479088800000000000,1649.0,1663.0,1639.0,1658.0,172268,490814,472160
2016-11-14 11:00:00.000000000,1479092400000000000,1658.0,1673.0,1652.0,1659.0,130314,472160,462040
2016-11-14 13:00:00.000000000,1479099600000000000,1659.0,1670.0,1635.0,1646.0,131047,462040,451604
2016-11-14 14:00:00.000000000,1479103200000000000,1646.0,1654.0,1630.0,1648.0,185039,451604,413219
2016-11-15 09:00:00.000000000,1479171600000000000,1648.0,1681.0,1648.0,1672.0,191635,413219,419682
2016-11-15 10:00:00.000000000,1479175200000000000,1672.0,1678.0,1658.0,1664.0,85308,419682,409667
2016-11-15 11:00:00.000000000,1479178800000000000,1664.0,1666.0,1653.0,1658.0,36325,409667,404044
2016-11-15 13:00:00.000000000,1479186000000000000,1659.0,1659.0,1632.0,1643.0,103134,404044,393802
2016-11-15 14:00:00.000000000,1479189600000000000,1643.0,1645.0,1633.0,1642.0,104079,393802,379222
2016-11-16 09:00:00.000000000,1479258000000000000,1654.0,1662.0,1609.0,1623.0,210716,379222,371126
2016-11-16 10:00:00.000000000,1479261600000000000,1623.0,1628.0,1617.0,1622.0,77736,371126,366891
2016-11-16 11:00:00.000000000,1479265200000000000,1622.0,1624.0,1618.0,1618.0,32226,366891,363181
2016-11-16 13:00:00.000000000,1479272400000000000,1619.0,1630.0,1615.0,1628.0,42866,363181,356389
2016-11-16 14:00:00.000000000,1479276000000000000,1628.0,1635.0,1625.0,1630.0,60564,356389,347888
2016-11-17 09:00:00.000000000,1479344400000000000,1625.0,1634.0,1617.0,1622.0,97621,347888,346826
2016-11-17 10:00:00.000000000,1479348000000000000,1622.0,1623.0,1615.0,1619.0,33312,346826,345238
2016-11-17 11:00:00.000000000,1479351600000000000,1619.0,1621.0,1608.0,1613.0,38162,345238,343807
2016-11-17 13:00:00.000000000,1479358800000000000,1612.0,1618.0,1611.0,1613.0,26805,343807,342075
2016-11-17 14:00:00.000000000,1479362400000000000,1613.0,1618.0,1611.0,1617.0,39028,342075,331124
2016-11-18 09:00:00.000000000,1479430800000000000,1622.0,1635.0,1617.0,1627.0,110108,331124,331151
2016-11-18 10:00:00.000000000,1479434400000000000,1627.0,1637.0,1625.0,1635.0,41429,331151,337254
2016-11-18 11:00:00.000000000,1479438000000000000,1635.0,1638.0,1633.0,1634.0,23653,337254,339971
2016-11-18 13:00:00.000000000,1479445200000000000,1633.0,1634.0,1623.0,1627.0,32088,339971,335926
2016-11-18 14:00:00.000000000,1479448800000000000,1627.0,1627.0,1604.0,1606.0,87973,335926,324509
2016-11-21 09:00:00.000000000,1479690000000000000,1615.0,1622.0,1608.0,1619.0,83512,324509,322609
2016-11-21 10:00:00.000000000,1479693600000000000,1619.0,1624.0,1618.0,1619.0,29834,322609,320154
2016-11-21 11:00:00.000000000,1479697200000000000,1619.0,1623.0,1614.0,1616.0,24720,320154,315781
2016-11-21 13:00:00.000000000,1479704400000000000,1616.0,1620.0,1612.0,1618.0,26920,315781,315148
2016-11-21 14:00:00.000000000,1479708000000000000,1618.0,1621.0,1616.0,1619.0,31816,315148,309312
2016-11-22 09:00:00.000000000,1479776400000000000,1624.0,1643.0,1624.0,1634.0,80087,309312,304605
2016-11-22 10:00:00.000000000,1479780000000000000,1634.0,1639.0,1631.0,1638.0,28202,304605,301436
2016-11-22 11:00:00.000000000,1479783600000000000,1638.0,1642.0,1636.0,1638.0,32759,301436,297291
2016-11-22 13:00:00.000000000,1479790800000000000,1639.0,1651.0,1632.0,1633.0,62302,297291,292053
2016-11-22 14:00:00.000000000,1479794400000000000,1633.0,1639.0,1630.0,1636.0,41441,292053,283120
2016-11-23 09:00:00.000000000,1479862800000000000,1635.0,1640.0,1608.0,1618.0,70858,283120,276383
2016-11-23 10:00:00.000000000,1479866400000000000,1618.0,1621.0,1615.0,1619.0,12934,276383,274117
2016-11-23 11:00:00.000000000,1479870000000000000,1619.0,1621.0,1613.0,1614.0,8181,274117,274333
2016-11-23 13:00:00.000000000,1479877200000000000,1614.0,1626.0,1611.0,1614.0,27629,274333,274349
2016-11-23 14:00:00.000000000,1479880800000000000,1614.0,1617.0,1606.0,1609.0,37378,274349,268872
2016-11-24 09:00:00.000000000,1479949200000000000,1615.0,1620.0,1591.0,1593.0,69443,268872,263691
2016-11-24 10:00:00.000000000,1479952800000000000,1593.0,1599.0,1586.0,1591.0,33561,263691,258006
2016-11-24 11:00:00.000000000,1479956400000000000,1591.0,1594.0,1586.0,1593.0,21976,258006,257118
2016-11-24 13:00:00.000000000,1479963600000000000,1593.0,1603.0,1591.0,1600.0,26546,257118,256265
2016-11-24 14:00:00.000000000,1479967200000000000,1600.0,1604.0,1591.0,1592.0,22444,256265,251381
2016-11-25 09:00:00.000000000,1480035600000000000,1581.0,1590.0,1560.0,1560.0,78089,251381,245646
2016-11-25 10:00:00.000000000,1480039200000000000,1560.0,1564.0,1555.0,1560.0,27106,245646,240365
2016-11-25 11:00:00.000000000,1480042800000000000,1560.0,1565.0,1557.0,1562.0,8466,240365,238504
2016-11-25 13:00:00.000000000,1480050000000000000,1562.0,1565.0,1556.0,1562.0,10920,238504,239035
2016-11-25 14:00:00.000000000,1480053600000000000,1562.0,1564.0,1559.0,1563.0,25693,239035,233684
2016-11-28 09:00:00.000000000,1480294800000000000,1565.0,1581.0,1565.0,1575.0,41262,233684,233666
2016-11-28 10:00:00.000000000,1480298400000000000,1575.0,1582.0,1574.0,1578.0,13260,233666,230858
2016-11-28 11:00:00.000000000,1480302000000000000,1578.0,1582.0,1576.0,1576.0,6463,230858,229997
2016-11-28 13:00:00.000000000,1480309200000000000,1577.0,1580.0,1576.0,1579.0,8358,229997,229720
2016-11-28 14:00:00.000000000,1480312800000000000,1579.0,1579.0,1570.0,1572.0,19326,229720,225000
2016-11-29 09:00:00.000000000,1480381200000000000,1575.0,1580.0,1569.0,1578.0,30609,225000,221298
2016-11-29 10:00:00.000000000,1480384800000000000,1578.0,1591.0,1577.0,1588.0,27606,221298,216125
2016-11-29 11:00:00.000000000,1480388400000000000,1588.0,1590.0,1582.0,1583.0,8624,216125,215052
2016-11-29 13:00:00.000000000,1480395600000000000,1583.0,1588.0,1579.0,1588.0,10800,215052,212788
2016-11-29 14:00:00.000000000,1480399200000000000,1588.0,1595.0,1585.0,1586.0,28245,212788,205359
2016-11-30 09:00:00.000000000,1480467600000000000,1583.0,1618.0,1578.0,1608.0,68849,205359,199875
2016-11-30 10:00:00.000000000,1480471200000000000,1608.0,1612.0,1602.0,1602.0,16035,199875,200248
2016-11-30 11:00:00.000000000,1480474800000000000,1602.0,1607.0,1590.0,1594.0,19500,200248,196827
2016-11-30 13:00:00.000000000,1480482000000000000,1594.0,1608.0,1590.0,1605.0,18576,196827,198367
2016-11-30 14:00:00.000000000,1480485600000000000,1605.0,1611.0,1601.0,1602.0,27118,198367,195134
2016-12-01 09:00:00.000000000,1480554000000000000,1606.0,1617.0,1605.0,1611.0,24454,195134,194376
2016-12-01 10:00:00.000000000,1480557600000000000,1611.0,1611.0,1603.0,1609.0,13850,194376,194294
2016-12-01 11:00:00.000000000,1480561200000000000,1609.0,1612.0,1609.0,1612.0,4988,194294,193983
2016-12-01 13:00:00.000000000,1480568400000000000,1611.0,1614.0,1610.0,1611.0,9825,193983,195317
2016-12-01 14:00:00.000000000,1480572000000000000,1611.0,1619.0,1609.0,1618.0,16040,195317,192015
2016-12-02 09:00:00.000000000,1480640400000000000,1619.0,1628.0,1616.0,1625.0,23462,192015,188709
2016-12-02 10:00:00.000000000,1480644000000000000,1625.0,1626.0,1620.0,1622.0,6733,188709,187162
2016-12-02 11:00:00.000000000,1480647600000000000,1622.0,1625.0,1621.0,1622.0,3128,187162,186640
2016-12-02 13:00:00.000000000,1480654800000000000,1622.0,1622.0,1611.0,1616.0,8443,186640,184369
2016-12-02 14:00:00.000000000,1480658400000000000,1616.0,1619.0,1606.0,1619.0,15692,184369,179107
2016-12-05 09:00:00.000000000,1480899600000000000,1622.0,1625.0,1612.0,1622.0,19348,179107,172163
2016-12-05 10:00:00.000000000,1480903200000000000,1622.0,1630.0,1619.0,1625.0,15090,172163,166993
2016-12-05 11:00:00.000000000,1480906800000000000,1625.0,1630.0,1624.0,1629.0,6156,166993,163989
2016-12-05 13:00:00.000000000,1480914000000000000,1629.0,1630.0,1619.0,1621.0,7820,163989,161912
2016-12-05 14:00:00.000000000,1480917600000000000,1621.0,1622.0,1616.0,1617.0,10218,161912,158453
2016-12-06 09:00:00.000000000,1480986000000000000,1622.0,1629.0,1612.0,1613.0,16275,158453,156267
2016-12-06 10:00:00.000000000,1480989600000000000,1613.0,1615.0,1609.0,1613.0,7011,156267,153212
2016-12-06 11:00:00.000000000,1480993200000000000,1613.0,1617.0,1612.0,1616.0,3485,153212,151616
2016-12-06 13:00:00.000000000,1481000400000000000,1616.0,1618.0,1610.0,1614.0,4307,151616,151300
2016-12-06 14:00:00.000000000,1481004000000000000,1614.0,1614.0,1605.0,1607.0,12335,151300,149151
2016-12-07 09:00:00.000000000,1481072400000000000,1610.0,1616.0,1602.0,1612.0,11972,149151,146894
2016-12-07 10:00:00.000000000,1481076000000000000,1612.0,1613.0,1609.0,1611.0,5958,146894,144087
2016-12-07 11:00:00.000000000,1481079600000000000,1611.0,1613.0,1606.0,1608.0,5593,144087,140974
2016-12-07 13:00:00.000000000,1481086800000000000,1608.0,1609.0,1604.0,1606.0,3889,140974,140714
2016-12-07 14:00:00.000000000,1481090400000000000,1606.0,1609.0,1604.0,1605.0,8029,140714,137730
2016-12-08 09:00:00.000000000,1481158800000000000,1604.0,1604.0,1585.0,1591.0,20529,137730,136923
2016-12-08 10:00:00.000000000,1481162400000000000,1591.0,1592.0,1586.0,1589.0,5270,136923,135510
2016-12-08 11:00:00.000000000,1481166000000000000,1589.0,1590.0,1586.0,1587.0,2380,135510,134627
2016-12-08 13:00:00.000000000,1481173200000000000,1587.0,1588.0,1583.0,1586.0,3935,134627,133830
2016-12-08 14:00:00.000000000,1481176800000000000,1586.0,1589.0,1581.0,1584.0,10098,133830,129108
2016-12-09 09:00:00.000000000,1481245200000000000,1578.0,1594.0,1576.0,1589.0,10265,129108,127168
2016-12-09 10:00:00.000000000,1481248800000000000,1589.0,1591.0,1586.0,1587.0,2644,127168,126303
2016-12-09 11:00:00.000000000,1481252400000000000,1587.0,1587.0,1584.0,1586.0,1165,126303,125873
2016-12-09 13:00:00.000000000,1481259600000000000,1586.0,1590.0,1585.0,1588.0,2991,125873,125636
2016-12-09 14:00:00.000000000,1481263200000000000,1588.0,1590.0,1584.0,1584.0,6007,125636,123567
2016-12-12 09:00:00.000000000,1481504400000000000,1581.0,1581.0,1556.0,1558.0,31575,123567,118383
2016-12-12 10:00:00.000000000,1481508000000000000,1558.0,1561.0,1553.0,1558.0,7917,118383,116105
2016-12-12 11:00:00.000000000,1481511600000000000,1558.0,1560.0,1557.0,1559.0,1296,116105,115933
2016-12-12 13:00:00.000000000,1481518800000000000,1559.0,1560.0,1555.0,1557.0,2889,115933,115461
2016-12-12 14:00:00.000000000,1481522400000000000,1557.0,1558.0,1548.0,1552.0,15462,115461,112768
2016-12-13 09:00:00.000000000,1481590800000000000,1550.0,1558.0,1549.0,1556.0,10977,112768,112389
2016-12-13 10:00:00.000000000,1481594400000000000,1556.0,1560.0,1556.0,1559.0,2473,112389,111272
2016-12-13 11:00:00.000000000,1481598000000000000,1559.0,1563.0,1559.0,1561.0,1978,111272,110162
2016-12-13 13:00:00.000000000,1481605200000000000,1560.0,1562.0,1558.0,1560.0,1899,110162,109159
2016-12-13 14:00:00.000000000,1481608800000000000,1560.0,1565.0,1557.0,1561.0,7218,109159,105270
2016-12-14 09:00:00.000000000,1481677200000000000,1559.0,1567.0,1557.0,1565.0,11590,105270,102455
2016-12-14 10:00:00.000000000,1481680800000000000,1565.0,1568.0,1563.0,1565.0,4587,102455,100021
2016-12-14 11:00:00.000000000,1481684400000000000,1565.0,1567.0,1564.0,1565.0,1664,100021,98637
2016-12-14 13:00:00.000000000,1481691600000000000,1565.0,1567.0,1564.0,1564.0,921,98637,98325
2016-12-14 14:00:00.000000000,1481695200000000000,1564.0,1566.0,1559.0,1560.0,3268,98325,96737
2016-12-15 09:00:00.000000000,1481763600000000000,1557.0,1570.0,1555.0,1569.0,6551,96737,94775
2016-12-15 10:00:00.000000000,1481767200000000000,1569.0,1574.0,1568.0,1573.0,1906,94775,94125
2016-12-15 11:00:00.000000000,1481770800000000000,1573.0,1578.0,1572.0,1577.0,2692,94125,92789
2016-12-15 13:00:00.000000000,1481778000000000000,1577.0,1581.0,1576.0,1578.0,2705,92789,92635
2016-12-15 14:00:00.000000000,1481781600000000000,1578.0,1579.0,1569.0,1577.0,4582,92635,91823
2016-12-16 09:00:00.000000000,1481850000000000000,1577.0,1581.0,1571.0,1579.0,3873,91823,91372
2016-12-16 10:00:00.000000000,1481853600000000000,1579.0,1579.0,1576.0,1578.0,2253,91372,90021
2016-12-16 11:00:00.000000000,1481857200000000000,1578.0,1592.0,1577.0,1592.0,5216,90021,86447
2016-12-16 13:00:00.000000000,1481864400000000000,1591.0,1592.0,1587.0,1590.0,4194,86447,84540
2016-12-16 14:00:00.000000000,1481868000000000000,1590.0,1591.0,1573.0,1586.0,4030,84540,82739
2016-12-19 09:00:00.000000000,1482109200000000000,1575.0,1588.0,1575.0,1584.0,6039,82739,80643
2016-12-19 10:00:00.000000000,1482112800000000000,1584.0,1586.0,1579.0,1584.0,2320,80643,80144
2016-12-19 11:00:00.000000000,1482116400000000000,1584.0,1584.0,1582.0,1583.0,944,80144,79944
2016-12-19 13:00:00.000000000,1482123600000000000,1583.0,1583.0,1575.0,1577.0,5319,79944,77215
2016-12-19 14:00:00.000000000,1482127200000000000,1577.0,1577.0,1560.0,1561.0,5693,77215,73757
2016-12-20 09:00:00.000000000,1482195600000000000,1560.0,1560.0,1536.0,1547.0,10663,73757,73845
2016-12-20 10:00:00.000000000,1482199200000000000,1547.0,1549.0,1521.0,1533.0,9354,73845,69176
2016-12-20 11:00:00.000000000,1482202800000000000,1533.0,1541.0,1528.0,1530.0,2633,69176,68033
2016-12-20 13:00:00.000000000,1482210000000000000,1529.0,1535.0,1527.0,1530.0,2293,68033,67101
2016-12-20 14:00:00.000000000,1482213600000000000,1530.0,1538.0,1527.0,1534.0,2649,67101,66062
2016-12-21 09:00:00.000000000,1482282000000000000,1537.0,1548.0,1531.0,1539.0,3841,66062,64554
2016-12-21 10:00:00.000000000,1482285600000000000,1539.0,1540.0,1535.0,1536.0,1210,64554,64243
2016-12-21 11:00:00.000000000,1482289200000000000,1536.0,1541.0,1535.0,1540.0,635,64243,63961
2016-12-21 13:00:00.000000000,1482296400000000000,1540.0,1540.0,1535.0,1539.0,1099,63961,63805
2016-12-21 14:00:00.000000000,1482300000000000000,1539.0,1539.0,1529.0,1535.0,3193,63805,63115
2016-12-22 09:00:00.000000000,1482368400000000000,1537.0,1537.0,1528.0,1534.0,3607,63115,62178
2016-12-22 10:00:00.000000000,1482372000000000000,1534.0,1538.0,1534.0,1536.0,732,62178,61695
2016-12-22 11:00:00.000000000,1482375600000000000,1536.0,1538.0,1535.0,1535.0,447,61695,61477
2016-12-22 13:00:00.000000000,1482382800000000000,1535.0,1536.0,1528.0,1532.0,2705,61477,60980
2016-12-22 14:00:00.000000000,1482386400000000000,1532.0,1535.0,1526.0,1526.0,3581,60980,58542
2016-12-23 09:00:00.000000000,1482454800000000000,1525.0,1531.0,1522.0,1523.0,3356,58542,56477
2016-12-23 10:00:00.000000000,1482458400000000000,1523.0,1528.0,1523.0,1528.0,1621,56477,55644
2016-12-23 11:00:00.000000000,1482462000000000000,1528.0,1530.0,1524.0,1525.0,1145,55644,55374
2016-12-23 13:00:00.000000000,1482469200000000000,1526.0,1532.0,1524.0,1532.0,1198,55374,54901
2016-12-23 14:00:00.000000000,1482472800000000000,1532.0,1539.0,1528.0,1537.0,4591,54901,53629
2016-12-26 09:00:00.000000000,1482714000000000000,1530.0,1543.0,1530.0,1534.0,5804,53629,50379
2016-12-26 10:00:00.000000000,1482717600000000000,1534.0,1539.0,1533.0,1534.0,2515,50379,48605
2016-12-26 11:00:00.000000000,1482721200000000000,1534.0,1540.0,1534.0,1539.0,1357,48605,47532
2016-12-26 13:00:00.000000000,1482728400000000000,1539.0,1542.0,1536.0,1538.0,753,47532,47171
2016-12-26 14:00:00.000000000,1482732000000000000,1538.0,1542.0,1534.0,1541.0,4622,47171,46623
2016-12-27 09:00:00.000000000,1482800400000000000,1537.0,1545.0,1534.0,1542.0,6015,46623,42062
2016-12-27 10:00:00.000000000,1482804000000000000,1542.0,1543.0,1539.0,1540.0,3272,42062,39205
2016-12-27 11:00:00.000000000,1482807600000000000,1540.0,1541.0,1540.0,1541.0,237,39205,38991
2016-12-27 13:00:00.000000000,1482814800000000000,1540.0,1542.0,1535.0,1539.0,2301,38991,38158
2016-12-27 14:00:00.000000000,1482818400000000000,1539.0,1539.0,1532.0,1535.0,2855,38158,36370
2016-12-28 09:00:00.000000000,1482886800000000000,1539.0,1540.0,1526.0,1528.0,4648,36370,33284
2016-12-28 10:00:00.000000000,1482890400000000000,1528.0,1531.0,1526.0,1527.0,2561,33284,31288
2016-12-28 11:00:00.000000000,1482894000000000000,1527.0,1533.0,1527.0,1529.0,1645,31288,29908
2016-12-28 13:00:00.000000000,1482901200000000000,1529.0,1530.0,1526.0,1528.0,637,29908,29675
2016-12-28 14:00:00.000000000,1482904800000000000,1528.0,1529.0,1526.0,1527.0,2274,29675,28313
2016-12-29 09:00:00.000000000,1482973200000000000,1525.0,1531.0,1525.0,1531.0,4043,28313,25062
2016-12-29 10:00:00.000000000,1482976800000000000,1531.0,1531.0,1529.0,1529.0,1707,25062,23450
2016-12-29 11:00:00.000000000,1482980400000000000,1529.0,1530.0,1527.0,1527.0,1045,23450,22505
2016-12-29 13:00:00.000000000,1482987600000000000,1526.0,1527.0,1512.0,1515.0,1825,22505,21089
2016-12-29 14:00:00.000000000,1482991200000000000,1515.0,1516.0,1498.0,1501.0,5625,21089,17654
2016-12-30 09:00:00.000000000,1483059600000000000,1501.0,1518.0,1497.0,1508.0,2661,17654,15869
2016-12-30 10:00:00.000000000,1483063200000000000,1508.0,1515.0,1504.0,1508.0,1882,15869,14846
2016-12-30 11:00:00.000000000,1483066800000000000,1508.0,1509.0,1505.0,1505.0,850,14846,14337
2016-12-30 13:00:00.000000000,1483074000000000000,1505.0,1508.0,1496.0,1500.0,3483,14337,12073
2016-12-30 14:00:00.000000000,1483077600000000000,1500.0,1503.0,1483.0,1489.0,2873,12073,10245
2017-01-03 09:00:00.000000000,1483405200000000000,1501.0,1501.0,1484.0,1486.0,444,10245,9814
2017-01-03 10:00:00.000000000,1483408800000000000,1486.0,1486.0,1486.0,1486.0,13,9814,9801
2017-01-03 11:00:00.000000000,1483412400000000000,1486.0,1486.0,1486.0,1486.0,0,9801,9801
2017-01-03 13:00:00.000000000,1483419600000000000,1486.0,1506.0,1486.0,1504.0,200,9801,9611
2017-01-03 14:00:00.000000000,1483423200000000000,1504.0,1508.0,1504.0,1508.0,12,9611,9311
2017-01-04 09:00:00.000000000,1483491600000000000,1516.0,1516.0,1480.0,1515.0,263,9311,9160
2017-01-04 10:00:00.000000000,1483495200000000000,1515.0,1515.0,1484.0,1484.0,201,9160,9160
2017-01-04 11:00:00.000000000,1483498800000000000,1484.0,1492.0,1484.0,1484.0,140,9160,9160
2017-01-04 13:00:00.000000000,1483506000000000000,1484.0,1484.0,1484.0,1484.0,0,9160,9160
2017-01-04 14:00:00.000000000,1483509600000000000,1484.0,1486.0,1484.0,1485.0,37,9160,8160
2017-01-05 09:00:00.000000000,1483578000000000000,1514.0,1515.0,1514.0,1515.0,163,8160,8000
2017-01-05 10:00:00.000000000,1483581600000000000,1515.0,1515.0,1514.0,1514.0,188,8000,7812
2017-01-05 11:00:00.000000000,1483585200000000000,1514.0,1514.0,1514.0,1514.0,0,7812,7812
2017-01-05 13:00:00.000000000,1483592400000000000,1516.0,1516.0,1516.0,1516.0,50,7812,7762
2017-01-05 14:00:00.000000000,1483596000000000000,1516.0,1516.0,1515.0,1516.0,102,7762,7660
2017-01-06 09:00:00.000000000,1483664400000000000,1516.0,1516.0,1516.0,1516.0,0,7660,7660
2017-01-06 10:00:00.000000000,1483668000000000000,1516.0,1516.0,1516.0,1516.0,0,7660,7660
2017-01-06 11:00:00.000000000,1483671600000000000,1516.0,1516.0,1516.0,1516.0,0,7660,7660
2017-01-06 13:00:00.000000000,1483678800000000000,1516.0,1516.0,1516.0,1516.0,50,7660,7660
2017-01-06 14:00:00.000000000,1483682400000000000,1516.0,1516.0,1490.0,1490.0,1050,7660,6893
2017-01-09 09:00:00.000000000,1483923600000000000,1482.0,1482.0,1480.0,1480.0,75,6893,6818
2017-01-09 10:00:00.000000000,1483927200000000000,1480.0,1480.0,1480.0,1480.0,0,6818,6818
2017-01-09 11:00:00.000000000,1483930800000000000,1480.0,1480.0,1480.0,1480.0,0,6818,6818
2017-01-09 13:00:00.000000000,1483938000000000000,1480.0,1500.0,1480.0,1500.0,546,6818,6818
2017-01-09 14:00:00.000000000,1483941600000000000,1500.0,1500.0,1500.0,1500.0,0,6818,5818
2017-01-10 09:00:00.000000000,1484010000000000000,1485.0,1485.0,1483.0,1483.0,155,5818,5735
2017-01-10 10:00:00.000000000,1484013600000000000,1483.0,1483.0,1483.0,1483.0,12,5735,5734
2017-01-10 11:00:00.000000000,1484017200000000000,1483.0,1483.0,1483.0,1483.0,39,5734,5734
2017-01-10 13:00:00.000000000,1484024400000000000,1483.0,1483.0,1480.0,1480.0,351,5734,5383
2017-01-10 14:00:00.000000000,1484028000000000000,1480.0,1480.0,1475.0,1475.0,250,5383,4598
2017-01-11 09:00:00.000000000,1484096400000000000,1500.0,1567.0,1500.0,1567.0,163,4598,4595
2017-01-11 10:00:00.000000000,1484100000000000000,1567.0,1567.0,1567.0,1567.0,0,4595,4595
2017-01-11 11:00:00.000000000,1484103600000000000,1567.0,1567.0,1567.0,1567.0,0,4595,4595
2017-01-11 13:00:00.000000000,1484110800000000000,1567.0,1567.0,1567.0,1567.0,0,4595,4595
2017-01-11 14:00:00.000000000,1484114400000000000,1567.0,1567.0,1567.0,1567.0,0,4595,3900
2017-01-12 09:00:00.000000000,1484182800000000000,1567.0,1567.0,1567.0,1567.0,0,3900,3900
2017-01-12 10:00:00.000000000,1484186400000000000,1510.0,1510.0,1510.0,1510.0,50,3900,3900
2017-01-12 11:00:00.000000000,1484190000000000000,1510.0,1510.0,1510.0,1510.0,0,3900,3900
2017-01-12 13:00:00.000000000,1484197200000000000,1510.0,1510.0,1510.0,1510.0,0,3900,3900
2017-01-12 14:00:00.000000000,1484200800000000000,1510.0,1510.0,1510.0,1510.0,0,3900,3900
