datetime,datetime_nano,DCE.jd1701.open,DCE.jd1701.high,DCE.jd1701.low,DCE.jd1701.close,DCE.jd1701.volume,DCE.jd1701.open_oi,DCE.jd1701.close_oi
2016-01-18 09:00:00.000000000,1453078800000000000,3242.0,3314.0,3242.0,3308.0,186,0,169
2016-01-18 09:30:00.000000000,1453080600000000000,3308.0,3321.0,3300.0,3310.0,116,169,251
2016-01-18 10:00:00.000000000,1453082400000000000,3310.0,3311.0,3308.0,3310.0,32,251,268
2016-01-18 10:30:00.000000000,1453084200000000000,3310.0,3327.0,3306.0,3327.0,89,268,335
2016-01-18 11:00:00.000000000,1453086000000000000,3327.0,3331.0,3318.0,3320.0,53,335,367
2016-01-18 13:30:00.000000000,1453095000000000000,3320.0,3330.0,3310.0,3313.0,69,367,420
2016-01-18 14:00:00.000000000,1453096800000000000,3313.0,3316.0,3311.0,3316.0,8,420,421
2016-01-18 14:30:00.000000000,1453098600000000000,3316.0,3328.0,3310.0,3328.0,103,421,496
2016-01-19 09:00:00.000000000,1453165200000000000,3332.0,3339.0,3322.0,3339.0,119,496,561
2016-01-19 09:30:00.000000000,1453167000000000000,3339.0,3340.0,3338.0,3340.0,6,561,565
2016-01-19 10:00:00.000000000,1453168800000000000,3340.0,3340.0,3338.0,3339.0,3,565,566
2016-01-19 10:30:00.000000000,1453170600000000000,3336.0,3340.0,3330.0,3333.0,71,566,627
2016-01-19 11:00:00.000000000,1453172400000000000,3333.0,3336.0,3331.0,3332.0,21,627,639
2016-01-19 13:30:00.000000000,1453181400000000000,3332.0,3336.0,3331.0,3336.0,39,639,657
2016-01-19 14:00:00.000000000,1453183200000000000,3336.0,3339.0,3336.0,3339.0,10,657,665
2016-01-19 14:30:00.000000000,1453185000000000000,3339.0,3340.0,3334.0,3340.0,26,665,682
2016-01-20 09:00:00.000000000,1453251600000000000,3342.0,3342.0,3331.0,3332.0,51,682,705
2016-01-20 09:30:00.000000000,1453253400000000000,3332.0,3339.0,3328.0,3333.0,53,705,743
2016-01-20 10:00:00.000000000,1453255200000000000,3333.0,3337.0,3333.0,3336.0,18,743,729
2016-01-20 10:30:00.000000000,1453257000000000000,3336.0,3336.0,3326.0,3328.0,48,729,763
2016-01-20 11:00:00.000000000,1453258800000000000,3328.0,3336.0,3327.0,3331.0,12,763,763
2016-01-20 13:30:00.000000000,1453267800000000000,3331.0,3334.0,3326.0,3330.0,20,763,777
2016-01-20 14:00:00.000000000,1453269600000000000,3330.0,3339.0,3330.0,3336.0,38,777,768
2016-01-20 14:30:00.000000000,1453271400000000000,3336.0,3340.0,3331.0,3331.0,33,768,759
2016-01-21 09:00:00.000000000,1453338000000000000,3323.0,3327.0,3316.0,3316.0,135,759,840
2016-01-21 09:30:00.000000000,1453339800000000000,3316.0,3345.0,3316.0,3335.0,103,840,847
2016-01-21 10:00:00.000000000,1453341600000000000,3335.0,3341.0,3334.0,3337.0,67,847,851
2016-01-21 10:30:00.000000000,1453343400000000000,3337.0,3342.0,3325.0,3335.0,132,851,864
2016-01-21 11:00:00.000000000,1453345200000000000,3335.0,3338.0,3329.0,3329.0,38,864,868
2016-01-21 13:30:00.000000000,1453354200000000000,3328.0,3339.0,3328.0,3339.0,46,868,874
2016-01-21 14:00:00.000000000,1453356000000000000,3339.0,3340.0,3334.0,3339.0,46,874,887
2016-01-21 14:30:00.000000000,1453357800000000000,3339.0,3350.0,3338.0,3344.0,103,887,854
2016-01-22 09:00:00.000000000,1453424400000000000,3356.0,3384.0,3356.0,3383.0,206,854,882
2016-01-22 09:30:00.000000000,1453426200000000000,3383.0,3390.0,3370.0,3378.0,118,882,901
2016-01-22 10:00:00.000000000,1453428000000000000,3378.0,3384.0,3374.0,3374.0,25,901,916
2016-01-22 10:30:00.000000000,1453429800000000000,3374.0,3380.0,3373.0,3377.0,21,916,926
2016-01-22 11:00:00.000000000,1453431600000000000,3377.0,3377.0,3350.0,3356.0,118,926,993
2016-01-22 13:30:00.000000000,1453440600000000000,3356.0,3359.0,3332.0,3352.0,109,993,1006
2016-01-22 14:00:00.000000000,1453442400000000000,3352.0,3352.0,3336.0,3338.0,55,1006,1010
2016-01-22 14:30:00.000000000,1453444200000000000,3338.0,3343.0,3330.0,3340.0,84,1010,1049
2016-01-25 09:00:00.000000000,1453683600000000000,3332.0,3338.0,3318.0,3335.0,109,1049,1100
2016-01-25 09:30:00.000000000,1453685400000000000,3335.0,3339.0,3311.0,3327.0,166,1100,1181
2016-01-25 10:00:00.000000000,1453687200000000000,3327.0,3331.0,3327.0,3330.0,11,1181,1179
2016-01-25 10:30:00.000000000,1453689000000000000,3325.0,3333.0,3325.0,3327.0,20,1179,1181
2016-01-25 11:00:00.000000000,1453690800000000000,3327.0,3334.0,3325.0,3332.0,28,1181,1203
2016-01-25 13:30:00.000000000,1453699800000000000,3332.0,3332.0,3320.0,3320.0,52,1203,1216
2016-01-25 14:00:00.000000000,1453701600000000000,3320.0,3324.0,3320.0,3320.0,57,1216,1233
2016-01-25 14:30:00.000000000,1453703400000000000,3320.0,3324.0,3319.0,3324.0,63,1233,1256
2016-01-26 09:00:00.000000000,1453770000000000000,3320.0,3330.0,3316.0,3319.0,50,1256,1274
2016-01-26 09:30:00.000000000,1453771800000000000,3319.0,3323.0,3318.0,3323.0,35,1274,1284
2016-01-26 10:00:00.000000000,1453773600000000000,3323.0,3323.0,3323.0,3323.0,0,1284,1284
2016-01-26 10:30:00.000000000,1453775400000000000,3323.0,3324.0,3320.0,3324.0,10,1284,1285
2016-01-26 11:00:00.000000000,1453777200000000000,3324.0,3324.0,3320.0,3324.0,16,1285,1287
2016-01-26 13:30:00.000000000,1453786200000000000,3321.0,3324.0,3311.0,3318.0,36,1287,1309
2016-01-26 14:00:00.000000000,1453788000000000000,3318.0,3319.0,3314.0,3315.0,11,1309,1312
2016-01-26 14:30:00.000000000,1453789800000000000,3315.0,3318.0,3315.0,3318.0,6,1312,1312
2016-01-27 09:00:00.000000000,1453856400000000000,3320.0,3329.0,3318.0,3319.0,75,1312,1352
2016-01-27 09:30:00.000000000,1453858200000000000,3319.0,3323.0,3317.0,3319.0,28,1352,1350
2016-01-27 10:00:00.000000000,1453860000000000000,3319.0,3321.0,3312.0,3314.0,31,1350,1358
2016-01-27 10:30:00.000000000,1453861800000000000,3314.0,3322.0,3314.0,3322.0,48,1358,1359
2016-01-27 11:00:00.000000000,1453863600000000000,3322.0,3323.0,3317.0,3317.0,45,1359,1387
2016-01-27 13:30:00.000000000,1453872600000000000,3317.0,3324.0,3317.0,3324.0,33,1387,1390
2016-01-27 14:00:00.000000000,1453874400000000000,3324.0,3324.0,3319.0,3319.0,8,1390,1393
2016-01-27 14:30:00.000000000,1453876200000000000,3319.0,3326.0,3319.0,3326.0,34,1393,1392
2016-01-28 09:00:00.000000000,1453942800000000000,3330.0,3331.0,3315.0,3324.0,115,1392,1431
2016-01-28 09:30:00.000000000,1453944600000000000,3324.0,3330.0,3324.0,3325.0,30,1431,1455
2016-01-28 10:00:00.000000000,1453946400000000000,3325.0,3328.0,3324.0,3328.0,57,1455,1454
2016-01-28 10:30:00.000000000,1453948200000000000,3328.0,3328.0,3324.0,3327.0,23,1454,1465
2016-01-28 11:00:00.000000000,1453950000000000000,3327.0,3327.0,3323.0,3323.0,30,1465,1482
2016-01-28 13:30:00.000000000,1453959000000000000,3323.0,3324.0,3310.0,3315.0,108,1482,1544
2016-01-28 14:00:00.000000000,1453960800000000000,3315.0,3315.0,3306.0,3312.0,35,1544,1567
2016-01-28 14:30:00.000000000,1453962600000000000,3312.0,3312.0,3300.0,3305.0,104,1567,1599
2016-01-29 09:00:00.000000000,1454029200000000000,3298.0,3314.0,3292.0,3310.0,139,1599,1595
2016-01-29 09:30:00.000000000,1454031000000000000,3310.0,3310.0,3301.0,3303.0,33,1595,1612
2016-01-29 10:00:00.000000000,1454032800000000000,3303.0,3306.0,3303.0,3305.0,20,1612,1632
2016-01-29 10:30:00.000000000,1454034600000000000,3305.0,3306.0,3301.0,3303.0,23,1632,1652
2016-01-29 11:00:00.000000000,1454036400000000000,3303.0,3306.0,3302.0,3304.0,16,1652,1653
2016-01-29 13:30:00.000000000,1454045400000000000,3304.0,3304.0,3302.0,3304.0,28,1653,1658
2016-01-29 14:00:00.000000000,1454047200000000000,3304.0,3304.0,3301.0,3301.0,33,1658,1676
2016-01-29 14:30:00.000000000,1454049000000000000,3301.0,3303.0,3298.0,3298.0,186,1676,1713
2016-02-01 09:00:00.000000000,1454288400000000000,3300.0,3302.0,3290.0,3290.0,117,1713,1783
2016-02-01 09:30:00.000000000,1454290200000000000,3290.0,3291.0,3275.0,3283.0,198,1783,1896
2016-02-01 10:00:00.000000000,1454292000000000000,3283.0,3285.0,3280.0,3283.0,18,1896,1905
2016-02-01 10:30:00.000000000,1454293800000000000,3284.0,3285.0,3280.0,3283.0,31,1905,1918
2016-02-01 11:00:00.000000000,1454295600000000000,3283.0,3288.0,3283.0,3283.0,54,1918,1937
2016-02-01 13:30:00.000000000,1454304600000000000,3283.0,3286.0,3281.0,3282.0,79,1937,1988
2016-02-01 14:00:00.000000000,1454306400000000000,3282.0,3286.0,3276.0,3280.0,93,1988,1994
2016-02-01 14:30:00.000000000,1454308200000000000,3280.0,3281.0,3278.0,3280.0,102,1994,2039
2016-02-02 09:00:00.000000000,1454374800000000000,3271.0,3280.0,3268.0,3276.0,106,2039,2115
2016-02-02 09:30:00.000000000,1454376600000000000,3276.0,3277.0,3267.0,3272.0,163,2115,2173
2016-02-02 10:00:00.000000000,1454378400000000000,3272.0,3275.0,3271.0,3274.0,75,2173,2201
2016-02-02 10:30:00.000000000,1454380200000000000,3273.0,3275.0,3271.0,3275.0,64,2201,2241
2016-02-02 11:00:00.000000000,1454382000000000000,3275.0,3285.0,3275.0,3285.0,163,2241,2258
2016-02-02 13:30:00.000000000,1454391000000000000,3286.0,3289.0,3282.0,3287.0,82,2258,2240
2016-02-02 14:00:00.000000000,1454392800000000000,3287.0,3287.0,3280.0,3282.0,20,2240,2246
2016-02-02 14:30:00.000000000,1454394600000000000,3282.0,3286.0,3281.0,3286.0,29,2246,2240
2016-02-03 09:00:00.000000000,1454461200000000000,3275.0,3285.0,3275.0,3281.0,57,2240,2259
2016-02-03 09:30:00.000000000,1454463000000000000,3281.0,3282.0,3278.0,3278.0,25,2259,2262
2016-02-03 10:00:00.000000000,1454464800000000000,3278.0,3280.0,3277.0,3279.0,28,2262,2284
2016-02-03 10:30:00.000000000,1454466600000000000,3279.0,3282.0,3276.0,3282.0,63,2284,2339
2016-02-03 11:00:00.000000000,1454468400000000000,3282.0,3283.0,3280.0,3283.0,47,2339,2371
2016-02-03 13:30:00.000000000,1454477400000000000,3283.0,3283.0,3279.0,3281.0,36,2371,2370
2016-02-03 14:00:00.000000000,1454479200000000000,3281.0,3283.0,3279.0,3283.0,18,2370,2362
2016-02-03 14:30:00.000000000,1454481000000000000,3283.0,3284.0,3279.0,3284.0,12,2362,2362
2016-02-04 09:00:00.000000000,1454547600000000000,3283.0,3298.0,3283.0,3283.0,74,2362,2355
2016-02-04 09:30:00.000000000,1454549400000000000,3283.0,3299.0,3283.0,3289.0,52,2355,2370
2016-02-04 10:00:00.000000000,1454551200000000000,3289.0,3297.0,3288.0,3297.0,26,2370,2371
2016-02-04 10:30:00.000000000,1454553000000000000,3300.0,3302.0,3293.0,3294.0,36,2371,2389
2016-02-04 11:00:00.000000000,1454554800000000000,3294.0,3295.0,3290.0,3294.0,22,2389,2392
2016-02-04 13:30:00.000000000,1454563800000000000,3294.0,3294.0,3288.0,3288.0,27,2392,2415
2016-02-04 14:00:00.000000000,1454565600000000000,3288.0,3295.0,3286.0,3295.0,88,2415,2444
2016-02-04 14:30:00.000000000,1454567400000000000,3295.0,3295.0,3287.0,3289.0,19,2444,2449
2016-02-05 09:00:00.000000000,1454634000000000000,3279.0,3280.0,3279.0,3279.0,13,2449,2446
2016-02-05 09:30:00.000000000,1454635800000000000,3279.0,3285.0,3279.0,3281.0,31,2446,2475
2016-02-05 10:00:00.000000000,1454637600000000000,3281.0,3281.0,3280.0,3280.0,6,2475,2477
2016-02-05 10:30:00.000000000,1454639400000000000,3280.0,3280.0,3278.0,3280.0,32,2477,2490
2016-02-05 11:00:00.000000000,1454641200000000000,3280.0,3280.0,3276.0,3276.0,20,2490,2487
2016-02-05 13:30:00.000000000,1454650200000000000,3276.0,3283.0,3276.0,3283.0,16,2487,2485
2016-02-05 14:00:00.000000000,1454652000000000000,3283.0,3289.0,3280.0,3289.0,13,2485,2474
2016-02-05 14:30:00.000000000,1454653800000000000,3289.0,3290.0,3275.0,3290.0,50,2474,2457
2016-02-15 09:00:00.000000000,1455498000000000000,3269.0,3289.0,3252.0,3285.0,199,2457,2552
2016-02-15 09:30:00.000000000,1455499800000000000,3285.0,3285.0,3275.0,3281.0,101,2552,2605
2016-02-15 10:00:00.000000000,1455501600000000000,3281.0,3281.0,3277.0,3278.0,90,2605,2678
2016-02-15 10:30:00.000000000,1455503400000000000,3278.0,3282.0,3276.0,3280.0,78,2678,2745
2016-02-15 11:00:00.000000000,1455505200000000000,3280.0,3281.0,3276.0,3280.0,21,2745,2759
2016-02-15 13:30:00.000000000,1455514200000000000,3280.0,3281.0,3271.0,3277.0,99,2759,2784
2016-02-15 14:00:00.000000000,1455516000000000000,3277.0,3278.0,3273.0,3277.0,40,2784,2793
2016-02-15 14:30:00.000000000,1455517800000000000,3277.0,3279.0,3269.0,3275.0,105,2793,2842
2016-02-16 09:00:00.000000000,1455584400000000000,3274.0,3292.0,3270.0,3283.0,135,2842,2941
2016-02-16 09:30:00.000000000,1455586200000000000,3283.0,3287.0,3281.0,3287.0,85,2941,3016
2016-02-16 10:00:00.000000000,1455588000000000000,3287.0,3287.0,3282.0,3283.0,8,3016,3022
2016-02-16 10:30:00.000000000,1455589800000000000,3283.0,3290.0,3282.0,3284.0,106,3022,3028
2016-02-16 11:00:00.000000000,1455591600000000000,3284.0,3291.0,3284.0,3290.0,35,3028,3055
2016-02-16 13:30:00.000000000,1455600600000000000,3290.0,3299.0,3288.0,3295.0,156,3055,3118
2016-02-16 14:00:00.000000000,1455602400000000000,3295.0,3295.0,3290.0,3295.0,10,3118,3118
2016-02-16 14:30:00.000000000,1455604200000000000,3295.0,3295.0,3289.0,3292.0,42,3118,3124
2016-02-17 09:00:00.000000000,1455670800000000000,3299.0,3299.0,3286.0,3289.0,115,3124,3160
2016-02-17 09:30:00.000000000,1455672600000000000,3289.0,3298.0,3289.0,3293.0,39,3160,3178
2016-02-17 10:00:00.000000000,1455674400000000000,3293.0,3293.0,3291.0,3291.0,1,3178,3178
2016-02-17 10:30:00.000000000,1455676200000000000,3291.0,3294.0,3288.0,3288.0,26,3178,3195
2016-02-17 11:00:00.000000000,1455678000000000000,3288.0,3292.0,3285.0,3285.0,49,3195,3211
2016-02-17 13:30:00.000000000,1455687000000000000,3285.0,3288.0,3282.0,3285.0,99,3211,3247
2016-02-17 14:00:00.000000000,1455688800000000000,3285.0,3298.0,3285.0,3293.0,34,3247,3233
2016-02-17 14:30:00.000000000,1455690600000000000,3293.0,3299.0,3285.0,3293.0,72,3233,3223
2016-02-18 09:00:00.000000000,1455757200000000000,3299.0,3303.0,3295.0,3302.0,47,3223,3227
2016-02-18 09:30:00.000000000,1455759000000000000,3302.0,3302.0,3295.0,3298.0,19,3227,3227
2016-02-18 10:00:00.000000000,1455760800000000000,3298.0,3299.0,3290.0,3290.0,66,3227,3250
2016-02-18 10:30:00.000000000,1455762600000000000,3290.0,3300.0,3290.0,3299.0,83,3250,3280
2016-02-18 11:00:00.000000000,1455764400000000000,3299.0,3299.0,3290.0,3291.0,99,3280,3364
2016-02-18 13:30:00.000000000,1455773400000000000,3291.0,3299.0,3286.0,3288.0,128,3364,3437
2016-02-18 14:00:00.000000000,1455775200000000000,3288.0,3290.0,3285.0,3289.0,193,3437,3551
2016-02-18 14:30:00.000000000,1455777000000000000,3289.0,3290.0,3280.0,3289.0,107,3551,3604
2016-02-19 09:00:00.000000000,1455843600000000000,3292.0,3299.0,3289.0,3291.0,20,3604,3605
2016-02-19 09:30:00.000000000,1455845400000000000,3291.0,3299.0,3289.0,3297.0,107,3605,3604
2016-02-19 10:00:00.000000000,1455847200000000000,3297.0,3298.0,3297.0,3298.0,25,3604,3606
2016-02-19 10:30:00.000000000,1455849000000000000,3298.0,3298.0,3295.0,3295.0,55,3606,3605
2016-02-19 11:00:00.000000000,1455850800000000000,3295.0,3299.0,3293.0,3299.0,69,3605,3615
2016-02-19 13:30:00.000000000,1455859800000000000,3299.0,3300.0,3296.0,3299.0,104,3615,3641
2016-02-19 14:00:00.000000000,1455861600000000000,3299.0,3299.0,3286.0,3289.0,175,3641,3598
2016-02-19 14:30:00.000000000,1455863400000000000,3289.0,3297.0,3289.0,3292.0,87,3598,3554
2016-02-22 09:00:00.000000000,1456102800000000000,3295.0,3315.0,3295.0,3314.0,269,3554,3616
2016-02-22 09:30:00.000000000,1456104600000000000,3314.0,3314.0,3310.0,3313.0,61,3616,3661
2016-02-22 10:00:00.000000000,1456106400000000000,3313.0,3318.0,3313.0,3318.0,57,3661,3702
2016-02-22 10:30:00.000000000,1456108200000000000,3319.0,3320.0,3310.0,3315.0,153,3702,3771
2016-02-22 11:00:00.000000000,1456110000000000000,3315.0,3317.0,3311.0,3315.0,46,3771,3801
2016-02-22 13:30:00.000000000,1456119000000000000,3315.0,3316.0,3312.0,3316.0,43,3801,3839
2016-02-22 14:00:00.000000000,1456120800000000000,3316.0,3317.0,3312.0,3316.0,28,3839,3857
2016-02-22 14:30:00.000000000,1456122600000000000,3316.0,3317.0,3313.0,3316.0,22,3857,3873
2016-02-23 09:00:00.000000000,1456189200000000000,3310.0,3316.0,3302.0,3307.0,85,3873,3906
2016-02-23 09:30:00.000000000,1456191000000000000,3307.0,3312.0,3305.0,3312.0,39,3906,3922
2016-02-23 10:00:00.000000000,1456192800000000000,3312.0,3312.0,3305.0,3305.0,14,3922,3911
2016-02-23 10:30:00.000000000,1456194600000000000,3305.0,3315.0,3305.0,3312.0,55,3911,3952
2016-02-23 11:00:00.000000000,1456196400000000000,3312.0,3313.0,3310.0,3310.0,26,3952,3975
2016-02-23 13:30:00.000000000,1456205400000000000,3310.0,3312.0,3305.0,3312.0,30,3975,3988
2016-02-23 14:00:00.000000000,1456207200000000000,3312.0,3312.0,3307.0,3307.0,54,3988,4026
2016-02-23 14:30:00.000000000,1456209000000000000,3307.0,3322.0,3307.0,3315.0,215,4026,3998
2016-02-24 09:00:00.000000000,1456275600000000000,3307.0,3316.0,3307.0,3315.0,44,3998,4001
2016-02-24 09:30:00.000000000,1456277400000000000,3315.0,3320.0,3313.0,3315.0,43,4001,4010
2016-02-24 10:00:00.000000000,1456279200000000000,3315.0,3316.0,3313.0,3316.0,6,4010,4010
2016-02-24 10:30:00.000000000,1456281000000000000,3316.0,3316.0,3306.0,3310.0,71,4010,4016
2016-02-24 11:00:00.000000000,1456282800000000000,3310.0,3310.0,3292.0,3293.0,187,4016,4101
2016-02-24 13:30:00.000000000,1456291800000000000,3293.0,3296.0,3282.0,3288.0,220,4101,4218
2016-02-24 14:00:00.000000000,1456293600000000000,3288.0,3291.0,3280.0,3284.0,503,4218,4518
2016-02-24 14:30:00.000000000,1456295400000000000,3284.0,3293.0,3284.0,3289.0,121,4518,4547
2016-02-25 09:00:00.000000000,1456362000000000000,3283.0,3290.0,3272.0,3272.0,237,4547,4677
2016-02-25 09:30:00.000000000,1456363800000000000,3272.0,3278.0,3265.0,3277.0,237,4677,4789
2016-02-25 10:00:00.000000000,1456365600000000000,3277.0,3283.0,3269.0,3272.0,55,4789,4810
2016-02-25 10:30:00.000000000,1456367400000000000,3272.0,3272.0,3260.0,3265.0,255,4810,4937
2016-02-25 11:00:00.000000000,1456369200000000000,3265.0,3273.0,3263.0,3265.0,77,4937,4994
2016-02-25 13:30:00.000000000,1456378200000000000,3262.0,3267.0,3248.0,3262.0,306,4994,5191
2016-02-25 14:00:00.000000000,1456380000000000000,3262.0,3262.0,3254.0,3259.0,35,5191,5217
2016-02-25 14:30:00.000000000,1456381800000000000,3259.0,3262.0,3251.0,3251.0,79,5217,5215
2016-02-26 09:00:00.000000000,1456448400000000000,3252.0,3256.0,3245.0,3255.0,272,5215,5265
2016-02-26 09:30:00.000000000,1456450200000000000,3255.0,3270.0,3255.0,3261.0,107,5265,5305
2016-02-26 10:00:00.000000000,1456452000000000000,3261.0,3265.0,3260.0,3260.0,17,5305,5305
2016-02-26 10:30:00.000000000,1456453800000000000,3260.0,3261.0,3255.0,3255.0,19,5305,5309
2016-02-26 11:00:00.000000000,1456455600000000000,3255.0,3259.0,3248.0,3248.0,67,5309,5352
2016-02-26 13:30:00.000000000,1456464600000000000,3247.0,3249.0,3244.0,3249.0,91,5352,5383
2016-02-26 14:00:00.000000000,1456466400000000000,3249.0,3254.0,3248.0,3252.0,72,5383,5405
2016-02-26 14:30:00.000000000,1456468200000000000,3252.0,3257.0,3251.0,3257.0,91,5405,5437
2016-02-29 09:00:00.000000000,1456707600000000000,3236.0,3246.0,3223.0,3223.0,631,5437,5537
2016-02-29 09:30:00.000000000,1456709400000000000,3223.0,3224.0,3212.0,3217.0,374,5537,5628
2016-02-29 10:00:00.000000000,1456711200000000000,3217.0,3225.0,3217.0,3225.0,82,5628,5672
2016-02-29 10:30:00.000000000,1456713000000000000,3226.0,3235.0,3223.0,3228.0,160,5672,5693
2016-02-29 11:00:00.000000000,1456714800000000000,3228.0,3232.0,3227.0,3230.0,27,5693,5708
2016-02-29 13:30:00.000000000,1456723800000000000,3230.0,3235.0,3227.0,3235.0,92,5708,5740
2016-02-29 14:00:00.000000000,1456725600000000000,3235.0,3235.0,3228.0,3229.0,31,5740,5753
2016-02-29 14:30:00.000000000,1456727400000000000,3229.0,3236.0,3227.0,3232.0,138,5753,5697
2016-03-01 09:00:00.000000000,1456794000000000000,3242.0,3243.0,3213.0,3217.0,805,5697,5970
2016-03-01 09:30:00.000000000,1456795800000000000,3217.0,3223.0,3216.0,3219.0,358,5970,6056
2016-03-01 10:00:00.000000000,1456797600000000000,3219.0,3219.0,3209.0,3210.0,94,6056,6094
2016-03-01 10:30:00.000000000,1456799400000000000,3210.0,3211.0,3199.0,3203.0,543,6094,6341
2016-03-01 11:00:00.000000000,1456801200000000000,3203.0,3203.0,3191.0,3194.0,358,6341,6557
2016-03-01 13:30:00.000000000,1456810200000000000,3194.0,3218.0,3191.0,3218.0,336,6557,6478
2016-03-01 14:00:00.000000000,1456812000000000000,3218.0,3224.0,3203.0,3209.0,196,6478,6494
2016-03-01 14:30:00.000000000,1456813800000000000,3209.0,3215.0,3205.0,3208.0,205,6494,6505
2016-03-02 09:00:00.000000000,1456880400000000000,3211.0,3215.0,3192.0,3196.0,261,6505,6677
2016-03-02 09:30:00.000000000,1456882200000000000,3196.0,3205.0,3191.0,3198.0,198,6677,6805
2016-03-02 10:00:00.000000000,1456884000000000000,3198.0,3200.0,3198.0,3199.0,17,6805,6815
2016-03-02 10:30:00.000000000,1456885800000000000,3199.0,3203.0,3198.0,3200.0,71,6815,6835
2016-03-02 11:00:00.000000000,1456887600000000000,3200.0,3205.0,3192.0,3196.0,167,6835,6893
2016-03-02 13:30:00.000000000,1456896600000000000,3202.0,3208.0,3202.0,3207.0,292,6893,6906
2016-03-02 14:00:00.000000000,1456898400000000000,3207.0,3207.0,3200.0,3204.0,97,6906,6897
2016-03-02 14:30:00.000000000,1456900200000000000,3204.0,3204.0,3193.0,3194.0,256,6897,7008
2016-03-03 09:00:00.000000000,1456966800000000000,3194.0,3211.0,3191.0,3208.0,198,7008,7049
2016-03-03 09:30:00.000000000,1456968600000000000,3208.0,3223.0,3208.0,3220.0,307,7049,7069
2016-03-03 10:00:00.000000000,1456970400000000000,3220.0,3224.0,3217.0,3218.0,93,7069,7061
2016-03-03 10:30:00.000000000,1456972200000000000,3218.0,3218.0,3215.0,3217.0,134,7061,7090
2016-03-03 11:00:00.000000000,1456974000000000000,3217.0,3219.0,3212.0,3214.0,100,7090,7118
2016-03-03 13:30:00.000000000,1456983000000000000,3214.0,3218.0,3214.0,3217.0,87,7118,7141
2016-03-03 14:00:00.000000000,1456984800000000000,3217.0,3218.0,3215.0,3218.0,49,7141,7159
2016-03-03 14:30:00.000000000,1456986600000000000,3218.0,3227.0,3215.0,3223.0,170,7159,7126
2016-03-04 09:00:00.000000000,1457053200000000000,3232.0,3248.0,3231.0,3240.0,485,7126,7279
2016-03-04 09:30:00.000000000,1457055000000000000,3240.0,3246.0,3229.0,3230.0,212,7279,7356
2016-03-04 10:00:00.000000000,1457056800000000000,3230.0,3233.0,3228.0,3232.0,69,7356,7372
2016-03-04 10:30:00.000000000,1457058600000000000,3232.0,3238.0,3231.0,3235.0,87,7372,7419
2016-03-04 11:00:00.000000000,1457060400000000000,3235.0,3238.0,3230.0,3238.0,41,7419,7432
2016-03-04 13:30:00.000000000,1457069400000000000,3238.0,3242.0,3233.0,3238.0,40,7432,7431
2016-03-04 14:00:00.000000000,1457071200000000000,3238.0,3243.0,3237.0,3242.0,47,7431,7446
2016-03-04 14:30:00.000000000,1457073000000000000,3242.0,3255.0,3240.0,3246.0,428,7446,7392
2016-03-07 09:00:00.000000000,1457312400000000000,3278.0,3305.0,3256.0,3280.0,1213,7392,7664
2016-03-07 09:30:00.000000000,1457314200000000000,3280.0,3296.0,3279.0,3280.0,790,7664,7828
2016-03-07 10:00:00.000000000,1457316000000000000,3280.0,3280.0,3272.0,3276.0,109,7828,7872
2016-03-07 10:30:00.000000000,1457317800000000000,3277.0,3277.0,3265.0,3274.0,130,7872,7910
2016-03-07 11:00:00.000000000,1457319600000000000,3274.0,3274.0,3265.0,3265.0,85,7910,7946
2016-03-07 13:30:00.000000000,1457328600000000000,3265.0,3273.0,3265.0,3270.0,101,7946,7991
2016-03-07 14:00:00.000000000,1457330400000000000,3270.0,3286.0,3268.0,3284.0,196,7991,8043
2016-03-07 14:30:00.000000000,1457332200000000000,3284.0,3284.0,3271.0,3275.0,96,8043,8056
2016-03-08 09:00:00.000000000,1457398800000000000,3270.0,3280.0,3265.0,3273.0,368,8056,8187
2016-03-08 09:30:00.000000000,1457400600000000000,3273.0,3273.0,3260.0,3262.0,335,8187,8373
2016-03-08 10:00:00.000000000,1457402400000000000,3262.0,3264.0,3248.0,3262.0,128,8373,8417
2016-03-08 10:30:00.000000000,1457404200000000000,3262.0,3263.0,3252.0,3255.0,109,8417,8442
2016-03-08 11:00:00.000000000,1457406000000000000,3255.0,3260.0,3254.0,3257.0,140,8442,8433
2016-03-08 13:30:00.000000000,1457415000000000000,3259.0,3269.0,3257.0,3269.0,127,8433,8441
2016-03-08 14:00:00.000000000,1457416800000000000,3269.0,3273.0,3261.0,3261.0,211,8441,8502
2016-03-08 14:30:00.000000000,1457418600000000000,3261.0,3264.0,3251.0,3262.0,267,8502,8671
2016-03-09 09:00:00.000000000,1457485200000000000,3250.0,3261.0,3223.0,3257.0,337,8671,8728
2016-03-09 09:30:00.000000000,1457487000000000000,3257.0,3272.0,3254.0,3264.0,594,8728,8827
2016-03-09 10:00:00.000000000,1457488800000000000,3264.0,3284.0,3264.0,3279.0,490,8827,8861
2016-03-09 10:30:00.000000000,1457490600000000000,3279.0,3298.0,3271.0,3290.0,961,8861,8576
2016-03-09 11:00:00.000000000,1457492400000000000,3290.0,3290.0,3276.0,3288.0,310,8576,8648
2016-03-09 13:30:00.000000000,1457501400000000000,3288.0,3289.0,3278.0,3284.0,192,8648,8636
2016-03-09 14:00:00.000000000,1457503200000000000,3284.0,3289.0,3281.0,3287.0,164,8636,8653
2016-03-09 14:30:00.000000000,1457505000000000000,3287.0,3295.0,3283.0,3286.0,278,8653,8599
2016-03-10 09:00:00.000000000,1457571600000000000,3283.0,3319.0,3280.0,3294.0,699,8599,8511
2016-03-10 09:30:00.000000000,1457573400000000000,3294.0,3302.0,3282.0,3291.0,234,8511,8583
2016-03-10 10:00:00.000000000,1457575200000000000,3291.0,3295.0,3290.0,3291.0,79,8583,8581
2016-03-10 10:30:00.000000000,1457577000000000000,3291.0,3297.0,3291.0,3291.0,135,8581,8659
2016-03-10 11:00:00.000000000,1457578800000000000,3291.0,3297.0,3291.0,3295.0,188,8659,8748
2016-03-10 13:30:00.000000000,1457587800000000000,3293.0,3293.0,3282.0,3291.0,302,8748,8924
2016-03-10 14:00:00.000000000,1457589600000000000,3291.0,3291.0,3281.0,3281.0,231,8924,9006
2016-03-10 14:30:00.000000000,1457591400000000000,3281.0,3289.0,3281.0,3285.0,134,9006,8995
2016-03-11 09:00:00.000000000,1457658000000000000,3290.0,3330.0,3281.0,3308.0,505,8995,9151
2016-03-11 09:30:00.000000000,1457659800000000000,3308.0,3316.0,3306.0,3313.0,192,9151,9180
2016-03-11 10:00:00.000000000,1457661600000000000,3313.0,3315.0,3306.0,3308.0,91,9180,9181
2016-03-11 10:30:00.000000000,1457663400000000000,3308.0,3319.0,3306.0,3316.0,166,9181,9203
2016-03-11 11:00:00.000000000,1457665200000000000,3316.0,3323.0,3313.0,3317.0,254,9203,9173
2016-03-11 13:30:00.000000000,1457674200000000000,3317.0,3330.0,3316.0,3322.0,877,9173,9263
2016-03-11 14:00:00.000000000,1457676000000000000,3322.0,3332.0,3321.0,3330.0,370,9263,9235
2016-03-11 14:30:00.000000000,1457677800000000000,3330.0,3352.0,3322.0,3350.0,996,9235,9003
2016-03-14 09:00:00.000000000,1457917200000000000,3348.0,3357.0,3330.0,3345.0,1062,9003,9353
2016-03-14 09:30:00.000000000,1457919000000000000,3345.0,3363.0,3340.0,3342.0,701,9353,9533
2016-03-14 10:00:00.000000000,1457920800000000000,3342.0,3349.0,3342.0,3348.0,89,9533,9545
2016-03-14 10:30:00.000000000,1457922600000000000,3348.0,3362.0,3348.0,3351.0,391,9545,9573
2016-03-14 11:00:00.000000000,1457924400000000000,3351.0,3359.0,3345.0,3347.0,111,9573,9547
2016-03-14 13:30:00.000000000,1457933400000000000,3346.0,3351.0,3340.0,3342.0,274,9547,9548
2016-03-14 14:00:00.000000000,1457935200000000000,3342.0,3348.0,3342.0,3343.0,108,9548,9577
2016-03-14 14:30:00.000000000,1457937000000000000,3343.0,3348.0,3342.0,3343.0,194,9577,9622
2016-03-15 09:00:00.000000000,1458003600000000000,3340.0,3375.0,3340.0,3373.0,867,9622,9401
2016-03-15 09:30:00.000000000,1458005400000000000,3373.0,3373.0,3357.0,3361.0,277,9401,9346
2016-03-15 10:00:00.000000000,1458007200000000000,3361.0,3361.0,3358.0,3358.0,26,9346,9344
2016-03-15 10:30:00.000000000,1458009000000000000,3358.0,3365.0,3350.0,3355.0,69,9344,9325
2016-03-15 11:00:00.000000000,1458010800000000000,3355.0,3364.0,3354.0,3364.0,76,9325,9319
2016-03-15 13:30:00.000000000,1458019800000000000,3364.0,3369.0,3362.0,3368.0,117,9319,9275
2016-03-15 14:00:00.000000000,1458021600000000000,3368.0,3368.0,3358.0,3365.0,135,9275,9258
2016-03-15 14:30:00.000000000,1458023400000000000,3365.0,3373.0,3365.0,3371.0,260,9258,9240
2016-03-16 09:00:00.000000000,1458090000000000000,3378.0,3386.0,3348.0,3359.0,357,9240,9274
2016-03-16 09:30:00.000000000,1458091800000000000,3359.0,3361.0,3354.0,3356.0,95,9274,9246
2016-03-16 10:00:00.000000000,1458093600000000000,3356.0,3358.0,3340.0,3344.0,207,9246,9335
2016-03-16 10:30:00.000000000,1458095400000000000,3344.0,3350.0,3329.0,3330.0,424,9335,9348
2016-03-16 11:00:00.000000000,1458097200000000000,3330.0,3330.0,3313.0,3324.0,485,9348,9526
2016-03-16 13:30:00.000000000,1458106200000000000,3324.0,3334.0,3322.0,3330.0,222,9526,9598
2016-03-16 14:00:00.000000000,1458108000000000000,3330.0,3331.0,3322.0,3330.0,62,9598,9605
2016-03-16 14:30:00.000000000,1458109800000000000,3330.0,3337.0,3330.0,3336.0,90,9605,9620
2016-03-17 09:00:00.000000000,1458176400000000000,3346.0,3356.0,3340.0,3350.0,584,9620,9719
2016-03-17 09:30:00.000000000,1458178200000000000,3350.0,3350.0,3342.0,3349.0,224,9719,9749
2016-03-17 10:00:00.000000000,1458180000000000000,3349.0,3350.0,3347.0,3347.0,22,9749,9743
2016-03-17 10:30:00.000000000,1458181800000000000,3347.0,3349.0,3334.0,3339.0,191,9743,9837
2016-03-17 11:00:00.000000000,1458183600000000000,3339.0,3343.0,3337.0,3342.0,90,9837,9827
2016-03-17 13:30:00.000000000,1458192600000000000,3342.0,3348.0,3341.0,3345.0,179,9827,9825
2016-03-17 14:00:00.000000000,1458194400000000000,3345.0,3349.0,3343.0,3348.0,99,9825,9801
2016-03-17 14:30:00.000000000,1458196200000000000,3348.0,3350.0,3343.0,3349.0,101,9801,9785
2016-03-18 09:00:00.000000000,1458262800000000000,3363.0,3374.0,3351.0,3368.0,508,9785,9827
2016-03-18 09:30:00.000000000,1458264600000000000,3368.0,3378.0,3368.0,3368.0,377,9827,9830
2016-03-18 10:00:00.000000000,1458266400000000000,3368.0,3376.0,3368.0,3372.0,137,9830,9788
2016-03-18 10:30:00.000000000,1458268200000000000,3372.0,3382.0,3371.0,3375.0,304,9788,9648
2016-03-18 11:00:00.000000000,1458270000000000000,3375.0,3380.0,3370.0,3378.0,207,9648,9588
2016-03-18 13:30:00.000000000,1458279000000000000,3378.0,3396.0,3378.0,3396.0,494,9588,9461
2016-03-18 14:00:00.000000000,1458280800000000000,3396.0,3400.0,3390.0,3395.0,390,9461,9443
2016-03-18 14:30:00.000000000,1458282600000000000,3395.0,3401.0,3388.0,3391.0,247,9443,9489
2016-03-21 09:00:00.000000000,1458522000000000000,3371.0,3371.0,3333.0,3370.0,545,9489,9670
2016-03-21 09:30:00.000000000,1458523800000000000,3370.0,3372.0,3363.0,3370.0,307,9670,9732
2016-03-21 10:00:00.000000000,1458525600000000000,3370.0,3374.0,3367.0,3374.0,79,9732,9724
2016-03-21 10:30:00.000000000,1458527400000000000,3374.0,3391.0,3374.0,3386.0,458,9724,9650
2016-03-21 11:00:00.000000000,1458529200000000000,3386.0,3394.0,3380.0,3390.0,242,9650,9666
2016-03-21 13:30:00.000000000,1458538200000000000,3390.0,3391.0,3380.0,3381.0,155,9666,9722
2016-03-21 14:00:00.000000000,1458540000000000000,3381.0,3387.0,3380.0,3383.0,53,9722,9721
2016-03-21 14:30:00.000000000,1458541800000000000,3383.0,3387.0,3379.0,3380.0,167,9721,9776
2016-03-22 09:00:00.000000000,1458608400000000000,3384.0,3420.0,3384.0,3406.0,881,9776,9769
2016-03-22 09:30:00.000000000,1458610200000000000,3406.0,3410.0,3398.0,3403.0,384,9769,9747
2016-03-22 10:00:00.000000000,1458612000000000000,3403.0,3410.0,3403.0,3408.0,138,9747,9727
2016-03-22 10:30:00.000000000,1458613800000000000,3408.0,3421.0,3408.0,3421.0,388,9727,9656
2016-03-22 11:00:00.000000000,1458615600000000000,3421.0,3435.0,3421.0,3431.0,513,9656,9613
2016-03-22 13:30:00.000000000,1458624600000000000,3436.0,3446.0,3436.0,3445.0,489,9613,9546
2016-03-22 14:00:00.000000000,1458626400000000000,3445.0,3448.0,3435.0,3447.0,383,9546,9486
2016-03-22 14:30:00.000000000,1458628200000000000,3447.0,3460.0,3444.0,3454.0,384,9486,9466
2016-03-23 09:00:00.000000000,1458694800000000000,3465.0,3486.0,3456.0,3464.0,925,9466,9465
2016-03-23 09:30:00.000000000,1458696600000000000,3464.0,3476.0,3461.0,3466.0,211,9465,9486
2016-03-23 10:00:00.000000000,1458698400000000000,3466.0,3478.0,3466.0,3476.0,161,9486,9542
2016-03-23 10:30:00.000000000,1458700200000000000,3476.0,3476.0,3460.0,3463.0,192,9542,9563
2016-03-23 11:00:00.000000000,1458702000000000000,3463.0,3471.0,3447.0,3455.0,224,9563,9621
2016-03-23 13:30:00.000000000,1458711000000000000,3455.0,3460.0,3450.0,3460.0,235,9621,9572
2016-03-23 14:00:00.000000000,1458712800000000000,3460.0,3465.0,3455.0,3464.0,107,9572,9575
2016-03-23 14:30:00.000000000,1458714600000000000,3464.0,3466.0,3456.0,3457.0,170,9575,9617
2016-03-24 09:00:00.000000000,1458781200000000000,3424.0,3462.0,3422.0,3462.0,652,9617,9622
2016-03-24 09:30:00.000000000,1458783000000000000,3462.0,3483.0,3457.0,3476.0,639,9622,9663
2016-03-24 10:00:00.000000000,1458784800000000000,3476.0,3482.0,3471.0,3473.0,208,9663,9718
2016-03-24 10:30:00.000000000,1458786600000000000,3473.0,3498.0,3473.0,3483.0,379,9718,9741
2016-03-24 11:00:00.000000000,1458788400000000000,3483.0,3492.0,3479.0,3485.0,102,9741,9762
2016-03-24 13:30:00.000000000,1458797400000000000,3485.0,3494.0,3485.0,3490.0,161,9762,9770
2016-03-24 14:00:00.000000000,1458799200000000000,3490.0,3493.0,3481.0,3481.0,130,9770,9726
2016-03-24 14:30:00.000000000,1458801000000000000,3481.0,3495.0,3465.0,3495.0,766,9726,9431
2016-03-25 09:00:00.000000000,1458867600000000000,3498.0,3514.0,3481.0,3481.0,881,9431,9451
2016-03-25 09:30:00.000000000,1458869400000000000,3481.0,3481.0,3464.0,3474.0,684,9451,9612
2016-03-25 10:00:00.000000000,1458871200000000000,3474.0,3474.0,3465.0,3465.0,126,9612,9635
2016-03-25 10:30:00.000000000,1458873000000000000,3465.0,3479.0,3465.0,3479.0,252,9635,9658
2016-03-25 11:00:00.000000000,1458874800000000000,3479.0,3479.0,3471.0,3471.0,98,9658,9631
2016-03-25 13:30:00.000000000,1458883800000000000,3471.0,3479.0,3471.0,3475.0,79,9631,9630
2016-03-25 14:00:00.000000000,1458885600000000000,3475.0,3480.0,3473.0,3475.0,45,9630,9646
2016-03-25 14:30:00.000000000,1458887400000000000,3475.0,3482.0,3475.0,3480.0,102,9646,9622
2016-03-28 09:00:00.000000000,1459126800000000000,3495.0,3495.0,3472.0,3480.0,547,9622,9770
2016-03-28 09:30:00.000000000,1459128600000000000,3480.0,3486.0,3477.0,3479.0,100,9770,9775
2016-03-28 10:00:00.000000000,1459130400000000000,3479.0,3479.0,3466.0,3466.0,183,9775,9821
2016-03-28 10:30:00.000000000,1459132200000000000,3466.0,3471.0,3458.0,3463.0,238,9821,9879
2016-03-28 11:00:00.000000000,1459134000000000000,3463.0,3463.0,3449.0,3455.0,335,9879,9968
2016-03-28 13:30:00.000000000,1459143000000000000,3453.0,3458.0,3451.0,3453.0,286,9968,10091
2016-03-28 14:00:00.000000000,1459144800000000000,3453.0,3453.0,3444.0,3445.0,430,10091,10114
2016-03-28 14:30:00.000000000,1459146600000000000,3445.0,3453.0,3445.0,3447.0,167,10114,10056
2016-03-29 09:00:00.000000000,1459213200000000000,3444.0,3460.0,3441.0,3445.0,436,10056,10124
2016-03-29 09:30:00.000000000,1459215000000000000,3445.0,3446.0,3428.0,3429.0,453,10124,10262
2016-03-29 10:00:00.000000000,1459216800000000000,3429.0,3445.0,3427.0,3443.0,315,10262,10257
2016-03-29 10:30:00.000000000,1459218600000000000,3443.0,3450.0,3439.0,3449.0,211,10257,10225
2016-03-29 11:00:00.000000000,1459220400000000000,3449.0,3449.0,3441.0,3442.0,132,10225,10184
2016-03-29 13:30:00.000000000,1459229400000000000,3442.0,3444.0,3429.0,3429.0,195,10184,10152
2016-03-29 14:00:00.000000000,1459231200000000000,3429.0,3435.0,3428.0,3435.0,107,10152,10162
2016-03-29 14:30:00.000000000,1459233000000000000,3435.0,3437.0,3427.0,3428.0,155,10162,10097
2016-03-30 09:00:00.000000000,1459299600000000000,3428.0,3445.0,3427.0,3438.0,502,10097,10144
2016-03-30 09:30:00.000000000,1459301400000000000,3438.0,3438.0,3433.0,3434.0,55,10144,10144
2016-03-30 10:00:00.000000000,1459303200000000000,3434.0,3438.0,3433.0,3438.0,38,10144,10145
2016-03-30 10:30:00.000000000,1459305000000000000,3438.0,3441.0,3416.0,3421.0,267,10145,10122
2016-03-30 11:00:00.000000000,1459306800000000000,3421.0,3424.0,3417.0,3417.0,170,10122,10079
2016-03-30 13:30:00.000000000,1459315800000000000,3417.0,3422.0,3416.0,3417.0,144,10079,10087
2016-03-30 14:00:00.000000000,1459317600000000000,3417.0,3422.0,3417.0,3422.0,109,10087,10074
2016-03-30 14:30:00.000000000,1459319400000000000,3422.0,3424.0,3416.0,3420.0,133,10074,10088
2016-03-31 09:00:00.000000000,1459386000000000000,3418.0,3418.0,3390.0,3394.0,500,10088,10180
2016-03-31 09:30:00.000000000,1459387800000000000,3394.0,3396.0,3388.0,3392.0,301,10180,10240
2016-03-31 10:00:00.000000000,1459389600000000000,3392.0,3395.0,3386.0,3388.0,103,10240,10270
2016-03-31 10:30:00.000000000,1459391400000000000,3388.0,3388.0,3360.0,3368.0,910,10270,10174
2016-03-31 11:00:00.000000000,1459393200000000000,3368.0,3370.0,3358.0,3360.0,516,10174,10363
2016-03-31 13:30:00.000000000,1459402200000000000,3360.0,3362.0,3351.0,3354.0,479,10363,10467
2016-03-31 14:00:00.000000000,1459404000000000000,3354.0,3355.0,3343.0,3351.0,477,10467,10470
2016-03-31 14:30:00.000000000,1459405800000000000,3351.0,3353.0,3341.0,3350.0,470,10470,10463
2016-04-01 09:00:00.000000000,1459472400000000000,3345.0,3358.0,3344.0,3350.0,626,10463,10630
2016-04-01 09:30:00.000000000,1459474200000000000,3350.0,3361.0,3350.0,3358.0,312,10630,10703
2016-04-01 10:00:00.000000000,1459476000000000000,3358.0,3361.0,3354.0,3361.0,93,10703,10746
2016-04-01 10:30:00.000000000,1459477800000000000,3361.0,3378.0,3361.0,3369.0,520,10746,10912
2016-04-01 11:00:00.000000000,1459479600000000000,3369.0,3373.0,3363.0,3367.0,206,10912,10974
2016-04-01 13:30:00.000000000,1459488600000000000,3367.0,3368.0,3355.0,3356.0,221,10974,11037
2016-04-01 14:00:00.000000000,1459490400000000000,3356.0,3361.0,3350.0,3358.0,227,11037,11145
2016-04-01 14:30:00.000000000,1459492200000000000,3358.0,3367.0,3353.0,3362.0,312,11145,11289
2016-04-05 09:00:00.000000000,1459818000000000000,3340.0,3412.0,3331.0,3410.0,1440,11289,11523
2016-04-05 09:30:00.000000000,1459819800000000000,3410.0,3428.0,3391.0,3421.0,957,11523,11512
2016-04-05 10:00:00.000000000,1459821600000000000,3421.0,3435.0,3421.0,3432.0,446,11512,11502
2016-04-05 10:30:00.000000000,1459823400000000000,3432.0,3440.0,3425.0,3432.0,684,11502,11554
2016-04-05 11:00:00.000000000,1459825200000000000,3432.0,3443.0,3432.0,3439.0,367,11554,11631
2016-04-05 13:30:00.000000000,1459834200000000000,3439.0,3442.0,3427.0,3430.0,432,11631,11703
2016-04-05 14:00:00.000000000,1459836000000000000,3430.0,3444.0,3426.0,3440.0,234,11703,11727
2016-04-05 14:30:00.000000000,1459837800000000000,3440.0,3451.0,3437.0,3450.0,393,11727,11748
2016-04-06 09:00:00.000000000,1459904400000000000,3406.0,3450.0,3406.0,3424.0,828,11748,11863
2016-04-06 09:30:00.000000000,1459906200000000000,3424.0,3440.0,3421.0,3436.0,305,11863,12010
2016-04-06 10:00:00.000000000,1459908000000000000,3436.0,3439.0,3429.0,3429.0,66,12010,12054
2016-04-06 10:30:00.000000000,1459909800000000000,3429.0,3435.0,3423.0,3425.0,212,12054,12150
2016-04-06 11:00:00.000000000,1459911600000000000,3425.0,3432.0,3422.0,3430.0,194,12150,12222
2016-04-06 13:30:00.000000000,1459920600000000000,3430.0,3431.0,3416.0,3419.0,370,12222,12386
2016-04-06 14:00:00.000000000,1459922400000000000,3419.0,3425.0,3415.0,3418.0,242,12386,12462
2016-04-06 14:30:00.000000000,1459924200000000000,3418.0,3419.0,3408.0,3415.0,481,12462,12511
2016-04-07 09:00:00.000000000,1459990800000000000,3423.0,3446.0,3417.0,3434.0,1101,12511,12946
2016-04-07 09:30:00.000000000,1459992600000000000,3434.0,3435.0,3431.0,3433.0,292,12946,13169
2016-04-07 10:00:00.000000000,1459994400000000000,3433.0,3434.0,3429.0,3429.0,126,13169,13235
2016-04-07 10:30:00.000000000,1459996200000000000,3429.0,3432.0,3404.0,3404.0,918,13235,13513
2016-04-07 11:00:00.000000000,1459998000000000000,3404.0,3408.0,3390.0,3403.0,911,13513,13612
2016-04-07 13:30:00.000000000,1460007000000000000,3405.0,3407.0,3399.0,3405.0,347,13612,13793
2016-04-07 14:00:00.000000000,1460008800000000000,3405.0,3407.0,3400.0,3400.0,240,13793,13830
2016-04-07 14:30:00.000000000,1460010600000000000,3400.0,3400.0,3386.0,3386.0,505,13830,13854
2016-04-08 09:00:00.000000000,1460077200000000000,3381.0,3396.0,3377.0,3390.0,631,13854,14067
2016-04-08 09:30:00.000000000,1460079000000000000,3390.0,3390.0,3385.0,3389.0,155,14067,14128
2016-04-08 10:00:00.000000000,1460080800000000000,3389.0,3389.0,3386.0,3386.0,29,14128,14133
2016-04-08 10:30:00.000000000,1460082600000000000,3386.0,3403.0,3386.0,3393.0,463,14133,14337
2016-04-08 11:00:00.000000000,1460084400000000000,3393.0,3395.0,3389.0,3392.0,183,14337,14361
2016-04-08 13:30:00.000000000,1460093400000000000,3392.0,3400.0,3389.0,3389.0,390,14361,14371
2016-04-08 14:00:00.000000000,1460095200000000000,3389.0,3390.0,3385.0,3390.0,249,14371,14400
2016-04-08 14:30:00.000000000,1460097000000000000,3390.0,3398.0,3386.0,3397.0,271,14400,14331
2016-04-11 09:00:00.000000000,1460336400000000000,3400.0,3440.0,3400.0,3415.0,2153,14331,14471
2016-04-11 09:30:00.000000000,1460338200000000000,3415.0,3418.0,3409.0,3412.0,718,14471,14751
2016-04-11 10:00:00.000000000,1460340000000000000,3412.0,3420.0,3411.0,3418.0,387,14751,14858
2016-04-11 10:30:00.000000000,1460341800000000000,3418.0,3430.0,3417.0,3420.0,1141,14858,15141
2016-04-11 11:00:00.000000000,1460343600000000000,3420.0,3425.0,3413.0,3417.0,617,15141,15165
2016-04-11 13:30:00.000000000,1460352600000000000,3417.0,3423.0,3410.0,3418.0,486,15165,15331
2016-04-11 14:00:00.000000000,1460354400000000000,3418.0,3422.0,3410.0,3418.0,367,15331,15417
2016-04-11 14:30:00.000000000,1460356200000000000,3418.0,3420.0,3416.0,3417.0,379,15417,15387
2016-04-12 09:00:00.000000000,1460422800000000000,3421.0,3435.0,3416.0,3416.0,1359,15387,15582
2016-04-12 09:30:00.000000000,1460424600000000000,3416.0,3424.0,3416.0,3420.0,296,15582,15556
2016-04-12 10:00:00.000000000,1460426400000000000,3420.0,3433.0,3420.0,3429.0,439,15556,15534
2016-04-12 10:30:00.000000000,1460428200000000000,3429.0,3430.0,3423.0,3426.0,182,15534,15608
2016-04-12 11:00:00.000000000,1460430000000000000,3426.0,3429.0,3424.0,3424.0,116,15608,15628
2016-04-12 13:30:00.000000000,1460439000000000000,3427.0,3429.0,3423.0,3426.0,158,15628,15674
2016-04-12 14:00:00.000000000,1460440800000000000,3426.0,3430.0,3426.0,3426.0,247,15674,15668
2016-04-12 14:30:00.000000000,1460442600000000000,3426.0,3435.0,3425.0,3433.0,392,15668,15610
2016-04-13 09:00:00.000000000,1460509200000000000,3446.0,3480.0,3445.0,3471.0,2144,15610,15714
2016-04-13 09:30:00.000000000,1460511000000000000,3471.0,3495.0,3471.0,3487.0,1866,15714,15216
2016-04-13 10:00:00.000000000,1460512800000000000,3487.0,3495.0,3482.0,3492.0,294,15216,15234
2016-04-13 10:30:00.000000000,1460514600000000000,3492.0,3498.0,3443.0,3461.0,2080,15234,15541
2016-04-13 11:00:00.000000000,1460516400000000000,3461.0,3461.0,3438.0,3450.0,937,15541,15704
2016-04-13 13:30:00.000000000,1460525400000000000,3450.0,3479.0,3449.0,3471.0,1026,15704,15545
2016-04-13 14:00:00.000000000,1460527200000000000,3471.0,3471.0,3453.0,3453.0,456,15545,15574
2016-04-13 14:30:00.000000000,1460529000000000000,3453.0,3459.0,3444.0,3446.0,667,15574,15579
2016-04-14 09:00:00.000000000,1460595600000000000,3459.0,3466.0,3440.0,3452.0,1186,15579,15970
2016-04-14 09:30:00.000000000,1460597400000000000,3452.0,3456.0,3450.0,3455.0,637,15970,16270
2016-04-14 10:00:00.000000000,1460599200000000000,3455.0,3462.0,3453.0,3460.0,159,16270,16307
2016-04-14 10:30:00.000000000,1460601000000000000,3460.0,3470.0,3460.0,3468.0,583,16307,16362
2016-04-14 11:00:00.000000000,1460602800000000000,3468.0,3475.0,3465.0,3471.0,870,16362,16348
2016-04-14 13:30:00.000000000,1460611800000000000,3471.0,3474.0,3455.0,3463.0,879,16348,16442
2016-04-14 14:00:00.000000000,1460613600000000000,3463.0,3466.0,3459.0,3460.0,259,16442,16526
2016-04-14 14:30:00.000000000,1460615400000000000,3460.0,3477.0,3458.0,3476.0,708,16526,16540
2016-04-15 09:00:00.000000000,1460682000000000000,3480.0,3496.0,3473.0,3491.0,1531,16540,16728
2016-04-15 09:30:00.000000000,1460683800000000000,3491.0,3498.0,3486.0,3492.0,687,16728,16862
2016-04-15 10:00:00.000000000,1460685600000000000,3492.0,3493.0,3480.0,3485.0,575,16862,16863
2016-04-15 10:30:00.000000000,1460687400000000000,3485.0,3485.0,3464.0,3474.0,1001,16863,17206
2016-04-15 11:00:00.000000000,1460689200000000000,3474.0,3475.0,3468.0,3470.0,378,17206,17255
2016-04-15 13:30:00.000000000,1460698200000000000,3470.0,3475.0,3463.0,3469.0,613,17255,17201
2016-04-15 14:00:00.000000000,1460700000000000000,3469.0,3470.0,3455.0,3469.0,990,17201,17383
2016-04-15 14:30:00.000000000,1460701800000000000,3469.0,3477.0,3461.0,3476.0,809,17383,17108
2016-04-18 09:00:00.000000000,1460941200000000000,3486.0,3534.0,3485.0,3533.0,2926,17108,17007
2016-04-18 09:30:00.000000000,1460943000000000000,3533.0,3552.0,3529.0,3538.0,1400,17007,16997
2016-04-18 10:00:00.000000000,1460944800000000000,3538.0,3549.0,3535.0,3542.0,480,16997,16789
2016-04-18 10:30:00.000000000,1460946600000000000,3543.0,3549.0,3522.0,3530.0,808,16789,16665
2016-04-18 11:00:00.000000000,1460948400000000000,3530.0,3543.0,3528.0,3542.0,524,16665,16621
2016-04-18 13:30:00.000000000,1460957400000000000,3542.0,3544.0,3533.0,3538.0,398,16621,16646
2016-04-18 14:00:00.000000000,1460959200000000000,3538.0,3541.0,3533.0,3537.0,443,16646,16473
2016-04-18 14:30:00.000000000,1460961000000000000,3537.0,3558.0,3535.0,3545.0,895,16473,16337
2016-04-19 09:00:00.000000000,1461027600000000000,3551.0,3568.0,3548.0,3556.0,1644,16337,16604
2016-04-19 09:30:00.000000000,1461029400000000000,3556.0,3561.0,3554.0,3558.0,284,16604,16595
2016-04-19 10:00:00.000000000,1461031200000000000,3558.0,3560.0,3542.0,3545.0,283,16595,16574
2016-04-19 10:30:00.000000000,1461033000000000000,3545.0,3548.0,3516.0,3526.0,1235,16574,16401
2016-04-19 11:00:00.000000000,1461034800000000000,3526.0,3527.0,3518.0,3521.0,597,16401,16324
2016-04-19 13:30:00.000000000,1461043800000000000,3519.0,3533.0,3519.0,3528.0,345,16324,16258
2016-04-19 14:00:00.000000000,1461045600000000000,3528.0,3536.0,3526.0,3535.0,180,16258,16267
2016-04-19 14:30:00.000000000,1461047400000000000,3535.0,3547.0,3531.0,3541.0,466,16267,16277
2016-04-20 09:00:00.000000000,1461114000000000000,3585.0,3621.0,3585.0,3610.0,2658,16277,16107
2016-04-20 09:30:00.000000000,1461115800000000000,3610.0,3696.0,3610.0,3661.0,3134,16107,15713
2016-04-20 10:00:00.000000000,1461117600000000000,3661.0,3663.0,3649.0,3661.0,569,15713,15746
2016-04-20 10:30:00.000000000,1461119400000000000,3661.0,3661.0,3648.0,3658.0,701,15746,15610
2016-04-20 11:00:00.000000000,1461121200000000000,3658.0,3664.0,3650.0,3656.0,455,15610,15555
2016-04-20 13:30:00.000000000,1461130200000000000,3655.0,3655.0,3567.0,3593.0,2650,15555,15501
2016-04-20 14:00:00.000000000,1461132000000000000,3593.0,3617.0,3583.0,3610.0,1308,15501,15653
2016-04-20 14:30:00.000000000,1461133800000000000,3610.0,3652.0,3606.0,3647.0,1139,15653,15522
2016-04-21 09:00:00.000000000,1461200400000000000,3695.0,3790.0,3689.0,3769.0,3919,15522,15304
2016-04-21 09:30:00.000000000,1461202200000000000,3769.0,3772.0,3730.0,3741.0,1476,15304,15156
2016-04-21 10:00:00.000000000,1461204000000000000,3741.0,3747.0,3739.0,3740.0,352,15156,15172
2016-04-21 10:30:00.000000000,1461205800000000000,3743.0,3756.0,3730.0,3754.0,850,15172,15156
2016-04-21 11:00:00.000000000,1461207600000000000,3754.0,3774.0,3748.0,3770.0,1551,15156,15658
2016-04-21 13:30:00.000000000,1461216600000000000,3770.0,3804.0,3765.0,3795.0,2127,15658,16183
2016-04-21 14:00:00.000000000,1461218400000000000,3795.0,3809.0,3794.0,3809.0,1870,16183,15866
2016-04-21 14:30:00.000000000,1461220200000000000,3809.0,3809.0,3807.0,3809.0,502,15866,15803
2016-04-22 09:00:00.000000000,1461286800000000000,3761.0,3762.0,3709.0,3744.0,4003,15803,15152
2016-04-22 09:30:00.000000000,1461288600000000000,3744.0,3780.0,3740.0,3770.0,1254,15152,15154
2016-04-22 10:00:00.000000000,1461290400000000000,3770.0,3775.0,3755.0,3763.0,421,15154,15116
2016-04-22 10:30:00.000000000,1461292200000000000,3763.0,3772.0,3753.0,3756.0,531,15116,15003
2016-04-22 11:00:00.000000000,1461294000000000000,3756.0,3759.0,3709.0,3712.0,1839,15003,14858
2016-04-22 13:30:00.000000000,1461303000000000000,3712.0,3717.0,3670.0,3696.0,1886,14858,14710
2016-04-22 14:00:00.000000000,1461304800000000000,3696.0,3704.0,3689.0,3697.0,744,14710,14697
2016-04-22 14:30:00.000000000,1461306600000000000,3697.0,3705.0,3670.0,3681.0,1522,14697,14482
2016-04-25 09:00:00.000000000,1461546000000000000,3650.0,3650.0,3601.0,3637.0,2393,14482,14748
2016-04-25 09:30:00.000000000,1461547800000000000,3637.0,3640.0,3621.0,3632.0,440,14748,14803
2016-04-25 10:00:00.000000000,1461549600000000000,3632.0,3640.0,3628.0,3634.0,175,14803,14826
2016-04-25 10:30:00.000000000,1461551400000000000,3634.0,3686.0,3634.0,3667.0,1180,14826,14895
2016-04-25 11:00:00.000000000,1461553200000000000,3667.0,3675.0,3662.0,3664.0,656,14895,14891
2016-04-25 13:30:00.000000000,1461562200000000000,3665.0,3667.0,3650.0,3663.0,713,14891,15165
2016-04-25 14:00:00.000000000,1461564000000000000,3663.0,3670.0,3655.0,3663.0,243,15165,15126
2016-04-25 14:30:00.000000000,1461565800000000000,3663.0,3680.0,3662.0,3680.0,771,15126,14823
2016-04-26 09:00:00.000000000,1461632400000000000,3696.0,3700.0,3662.0,3678.0,1021,14823,15015
2016-04-26 09:30:00.000000000,1461634200000000000,3678.0,3697.0,3676.0,3686.0,632,15015,15103
2016-04-26 10:00:00.000000000,1461636000000000000,3686.0,3690.0,3678.0,3678.0,231,15103,15137
2016-04-26 10:30:00.000000000,1461637800000000000,3677.0,3683.0,3665.0,3671.0,524,15137,15195
2016-04-26 11:00:00.000000000,1461639600000000000,3671.0,3674.0,3661.0,3667.0,249,15195,15159
2016-04-26 13:30:00.000000000,1461648600000000000,3667.0,3667.0,3634.0,3648.0,1165,15159,15417
2016-04-26 14:00:00.000000000,1461650400000000000,3648.0,3660.0,3635.0,3646.0,601,15417,15448
2016-04-26 14:30:00.000000000,1461652200000000000,3646.0,3659.0,3643.0,3657.0,612,15448,15599
2016-04-27 09:00:00.000000000,1461718800000000000,3670.0,3685.0,3662.0,3683.0,862,15599,15720
2016-04-27 09:30:00.000000000,1461720600000000000,3683.0,3684.0,3662.0,3671.0,450,15720,15796
2016-04-27 10:00:00.000000000,1461722400000000000,3671.0,3672.0,3668.0,3669.0,161,15796,15878
2016-04-27 10:30:00.000000000,1461724200000000000,3669.0,3679.0,3656.0,3670.0,672,15878,16084
2016-04-27 11:00:00.000000000,1461726000000000000,3670.0,3678.0,3628.0,3646.0,1297,16084,16110
2016-04-27 13:30:00.000000000,1461735000000000000,3646.0,3653.0,3630.0,3647.0,878,16110,16181
2016-04-27 14:00:00.000000000,1461736800000000000,3647.0,3668.0,3647.0,3658.0,721,16181,16129
2016-04-27 14:30:00.000000000,1461738600000000000,3658.0,3666.0,3646.0,3654.0,476,16129,16160
2016-04-28 09:00:00.000000000,1461805200000000000,3641.0,3653.0,3631.0,3640.0,1406,16160,16292
2016-04-28 09:30:00.000000000,1461807000000000000,3640.0,3650.0,3640.0,3644.0,274,16292,16262
2016-04-28 10:00:00.000000000,1461808800000000000,3644.0,3651.0,3638.0,3651.0,244,16262,16283
2016-04-28 10:30:00.000000000,1461810600000000000,3651.0,3651.0,3621.0,3621.0,905,16283,16365
2016-04-28 11:00:00.000000000,1461812400000000000,3621.0,3633.0,3620.0,3629.0,422,16365,16284
2016-04-28 13:30:00.000000000,1461821400000000000,3629.0,3629.0,3603.0,3606.0,1152,16284,16245
2016-04-28 14:00:00.000000000,1461823200000000000,3606.0,3617.0,3601.0,3617.0,828,16245,16367
2016-04-28 14:30:00.000000000,1461825000000000000,3617.0,3623.0,3608.0,3616.0,565,16367,16255
2016-04-29 09:00:00.000000000,1461891600000000000,3633.0,3668.0,3631.0,3638.0,1692,16255,16399
2016-04-29 09:30:00.000000000,1461893400000000000,3638.0,3645.0,3634.0,3639.0,312,16399,16483
2016-04-29 10:00:00.000000000,1461895200000000000,3639.0,3644.0,3637.0,3642.0,76,16483,16495
2016-04-29 10:30:00.000000000,1461897000000000000,3643.0,3652.0,3641.0,3648.0,276,16495,16538
2016-04-29 11:00:00.000000000,1461898800000000000,3648.0,3654.0,3619.0,3625.0,1157,16538,16595
2016-04-29 13:30:00.000000000,1461907800000000000,3625.0,3636.0,3623.0,3625.0,266,16595,16603
2016-04-29 14:00:00.000000000,1461909600000000000,3625.0,3635.0,3621.0,3635.0,335,16603,16591
2016-04-29 14:30:00.000000000,1461911400000000000,3635.0,3640.0,3632.0,3639.0,517,16591,16539
2016-05-03 09:00:00.000000000,1462237200000000000,3650.0,3686.0,3648.0,3673.0,1915,16539,16649
2016-05-03 09:30:00.000000000,1462239000000000000,3673.0,3679.0,3666.0,3671.0,1022,16649,16822
2016-05-03 10:00:00.000000000,1462240800000000000,3671.0,3680.0,3666.0,3676.0,306,16822,16875
2016-05-03 10:30:00.000000000,1462242600000000000,3678.0,3681.0,3672.0,3672.0,448,16875,16862
2016-05-03 11:00:00.000000000,1462244400000000000,3672.0,3677.0,3645.0,3647.0,910,16862,16825
2016-05-03 13:30:00.000000000,1462253400000000000,3647.0,3648.0,3630.0,3645.0,958,16825,16805
2016-05-03 14:00:00.000000000,1462255200000000000,3645.0,3649.0,3640.0,3646.0,240,16805,16794
2016-05-03 14:30:00.000000000,1462257000000000000,3646.0,3666.0,3643.0,3665.0,711,16794,16711
2016-05-04 09:00:00.000000000,1462323600000000000,3633.0,3649.0,3615.0,3627.0,1612,16711,16253
2016-05-04 09:30:00.000000000,1462325400000000000,3627.0,3638.0,3627.0,3633.0,474,16253,16381
2016-05-04 10:00:00.000000000,1462327200000000000,3633.0,3634.0,3622.0,3627.0,582,16381,16171
2016-05-04 10:30:00.000000000,1462329000000000000,3627.0,3627.0,3612.0,3612.0,934,16171,15812
2016-05-04 11:00:00.000000000,1462330800000000000,3612.0,3636.0,3611.0,3636.0,723,15812,15671
2016-05-04 13:30:00.000000000,1462339800000000000,3637.0,3664.0,3636.0,3652.0,1007,15671,15745
2016-05-04 14:00:00.000000000,1462341600000000000,3652.0,3659.0,3650.0,3652.0,330,15745,15666
2016-05-04 14:30:00.000000000,1462343400000000000,3652.0,3657.0,3639.0,3652.0,644,15666,15711
2016-05-05 09:00:00.000000000,1462410000000000000,3664.0,3674.0,3644.0,3650.0,846,15711,15801
2016-05-05 09:30:00.000000000,1462411800000000000,3650.0,3650.0,3634.0,3643.0,417,15801,15886
2016-05-05 10:00:00.000000000,1462413600000000000,3643.0,3643.0,3635.0,3639.0,199,15886,15925
2016-05-05 10:30:00.000000000,1462415400000000000,3639.0,3660.0,3635.0,3654.0,600,15925,15839
2016-05-05 11:00:00.000000000,1462417200000000000,3654.0,3660.0,3640.0,3642.0,319,15839,15895
2016-05-05 13:30:00.000000000,1462426200000000000,3645.0,3653.0,3640.0,3648.0,175,15895,15856
2016-05-05 14:00:00.000000000,1462428000000000000,3648.0,3650.0,3635.0,3646.0,390,15856,15943
2016-05-05 14:30:00.000000000,1462429800000000000,3646.0,3650.0,3637.0,3646.0,283,15943,15908
2016-05-06 09:00:00.000000000,1462496400000000000,3600.0,3600.0,3539.0,3579.0,2385,15908,15595
2016-05-06 09:30:00.000000000,1462498200000000000,3579.0,3581.0,3572.0,3575.0,612,15595,15758
2016-05-06 10:00:00.000000000,1462500000000000000,3575.0,3575.0,3560.0,3560.0,427,15758,15755
2016-05-06 10:30:00.000000000,1462501800000000000,3560.0,3570.0,3555.0,3555.0,538,15755,15683
2016-05-06 11:00:00.000000000,1462503600000000000,3555.0,3561.0,3540.0,3553.0,774,15683,15695
2016-05-06 13:30:00.000000000,1462512600000000000,3555.0,3563.0,3550.0,3556.0,704,15695,15722
2016-05-06 14:00:00.000000000,1462514400000000000,3556.0,3569.0,3554.0,3565.0,297,15722,15671
2016-05-06 14:30:00.000000000,1462516200000000000,3565.0,3565.0,3530.0,3537.0,782,15671,15673
2016-05-09 09:00:00.000000000,1462755600000000000,3580.0,3585.0,3525.0,3544.0,1325,15673,15813
2016-05-09 09:30:00.000000000,1462757400000000000,3544.0,3545.0,3526.0,3533.0,488,15813,15847
2016-05-09 10:00:00.000000000,1462759200000000000,3533.0,3539.0,3527.0,3530.0,174,15847,15848
2016-05-09 10:30:00.000000000,1462761000000000000,3530.0,3533.0,3496.0,3496.0,1186,15848,15791
2016-05-09 11:00:00.000000000,1462762800000000000,3496.0,3496.0,3480.0,3491.0,1255,15791,15745
2016-05-09 13:30:00.000000000,1462771800000000000,3486.0,3508.0,3485.0,3494.0,582,15745,15692
2016-05-09 14:00:00.000000000,1462773600000000000,3494.0,3500.0,3488.0,3492.0,425,15692,15709
2016-05-09 14:30:00.000000000,1462775400000000000,3492.0,3495.0,3481.0,3482.0,455,15709,15609
2016-05-10 09:00:00.000000000,1462842000000000000,3460.0,3499.0,3446.0,3476.0,1829,15609,15770
2016-05-10 09:30:00.000000000,1462843800000000000,3476.0,3500.0,3475.0,3491.0,804,15770,15833
2016-05-10 10:00:00.000000000,1462845600000000000,3491.0,3498.0,3489.0,3489.0,130,15833,15872
2016-05-10 10:30:00.000000000,1462847400000000000,3488.0,3492.0,3482.0,3486.0,296,15872,15855
2016-05-10 11:00:00.000000000,1462849200000000000,3486.0,3516.0,3483.0,3513.0,508,15855,15828
2016-05-10 13:30:00.000000000,1462858200000000000,3514.0,3515.0,3496.0,3497.0,549,15828,15863
2016-05-10 14:00:00.000000000,1462860000000000000,3497.0,3510.0,3496.0,3501.0,333,15863,16056
2016-05-10 14:30:00.000000000,1462861800000000000,3501.0,3505.0,3496.0,3499.0,301,16056,16076
2016-05-11 09:00:00.000000000,1462928400000000000,3545.0,3565.0,3535.0,3540.0,2379,16076,16433
2016-05-11 09:30:00.000000000,1462930200000000000,3540.0,3549.0,3521.0,3526.0,1068,16433,16490
2016-05-11 10:00:00.000000000,1462932000000000000,3526.0,3532.0,3525.0,3532.0,165,16490,16473
2016-05-11 10:30:00.000000000,1462933800000000000,3532.0,3548.0,3531.0,3548.0,603,16473,16380
2016-05-11 11:00:00.000000000,1462935600000000000,3548.0,3549.0,3539.0,3546.0,218,16380,16418
2016-05-11 13:30:00.000000000,1462944600000000000,3546.0,3559.0,3546.0,3555.0,435,16418,16462
2016-05-11 14:00:00.000000000,1462946400000000000,3555.0,3566.0,3554.0,3556.0,462,16462,16528
2016-05-11 14:30:00.000000000,1462948200000000000,3556.0,3561.0,3546.0,3547.0,488,16528,16501
2016-05-12 09:00:00.000000000,1463014800000000000,3550.0,3550.0,3500.0,3515.0,1646,16501,16951
2016-05-12 09:30:00.000000000,1463016600000000000,3515.0,3517.0,3510.0,3515.0,415,16951,17093
2016-05-12 10:00:00.000000000,1463018400000000000,3515.0,3524.0,3506.0,3523.0,436,17093,17127
2016-05-12 10:30:00.000000000,1463020200000000000,3523.0,3530.0,3520.0,3530.0,819,17127,17242
2016-05-12 11:00:00.000000000,1463022000000000000,3530.0,3541.0,3528.0,3538.0,673,17242,17182
2016-05-12 13:30:00.000000000,1463031000000000000,3538.0,3540.0,3522.0,3534.0,504,17182,17175
2016-05-12 14:00:00.000000000,1463032800000000000,3534.0,3536.0,3531.0,3533.0,283,17175,17197
2016-05-12 14:30:00.000000000,1463034600000000000,3533.0,3546.0,3515.0,3518.0,1001,17197,17369
2016-05-13 09:00:00.000000000,1463101200000000000,3485.0,3490.0,3431.0,3469.0,2927,17369,17221
2016-05-13 09:30:00.000000000,1463103000000000000,3469.0,3479.0,3465.0,3475.0,636,17221,17353
2016-05-13 10:00:00.000000000,1463104800000000000,3475.0,3479.0,3465.0,3465.0,266,17353,17390
2016-05-13 10:30:00.000000000,1463106600000000000,3465.0,3465.0,3435.0,3435.0,2069,17390,17559
2016-05-13 11:00:00.000000000,1463108400000000000,3435.0,3442.0,3420.0,3440.0,1343,17559,17658
2016-05-13 13:30:00.000000000,1463117400000000000,3440.0,3456.0,3440.0,3454.0,1115,17658,17754
2016-05-13 14:00:00.000000000,1463119200000000000,3454.0,3466.0,3445.0,3452.0,670,17754,17701
2016-05-13 14:30:00.000000000,1463121000000000000,3452.0,3453.0,3445.0,3448.0,751,17701,17485
2016-05-16 09:00:00.000000000,1463360400000000000,3462.0,3471.0,3445.0,3463.0,1423,17485,17547
2016-05-16 09:30:00.000000000,1463362200000000000,3463.0,3482.0,3463.0,3475.0,573,17547,17493
2016-05-16 10:00:00.000000000,1463364000000000000,3475.0,3480.0,3469.0,3480.0,241,17493,17479
2016-05-16 10:30:00.000000000,1463365800000000000,3480.0,3485.0,3475.0,3482.0,392,17479,17439
2016-05-16 11:00:00.000000000,1463367600000000000,3482.0,3485.0,3472.0,3474.0,491,17439,17304
2016-05-16 13:30:00.000000000,1463376600000000000,3474.0,3477.0,3453.0,3459.0,571,17304,17435
2016-05-16 14:00:00.000000000,1463378400000000000,3459.0,3468.0,3456.0,3465.0,242,17435,17449
2016-05-16 14:30:00.000000000,1463380200000000000,3465.0,3470.0,3457.0,3460.0,393,17449,17473
2016-05-17 09:00:00.000000000,1463446800000000000,3480.0,3483.0,3469.0,3476.0,1147,17473,17542
2016-05-17 09:30:00.000000000,1463448600000000000,3476.0,3482.0,3475.0,3479.0,454,17542,17448
2016-05-17 10:00:00.000000000,1463450400000000000,3479.0,3484.0,3479.0,3484.0,122,17448,17429
2016-05-17 10:30:00.000000000,1463452200000000000,3484.0,3495.0,3484.0,3488.0,523,17429,17493
2016-05-17 11:00:00.000000000,1463454000000000000,3488.0,3492.0,3488.0,3491.0,174,17493,17533
2016-05-17 13:30:00.000000000,1463463000000000000,3491.0,3498.0,3488.0,3494.0,768,17533,17658
2016-05-17 14:00:00.000000000,1463464800000000000,3494.0,3498.0,3486.0,3488.0,538,17658,17698
2016-05-17 14:30:00.000000000,1463466600000000000,3488.0,3498.0,3486.0,3498.0,554,17698,17709
2016-05-18 09:00:00.000000000,1463533200000000000,3520.0,3565.0,3520.0,3564.0,2404,17709,17626
2016-05-18 09:30:00.000000000,1463535000000000000,3564.0,3568.0,3548.0,3555.0,881,17626,17481
2016-05-18 10:00:00.000000000,1463536800000000000,3555.0,3557.0,3546.0,3557.0,229,17481,17467
2016-05-18 10:30:00.000000000,1463538600000000000,3555.0,3557.0,3546.0,3548.0,189,17467,17477
2016-05-18 11:00:00.000000000,1463540400000000000,3548.0,3550.0,3530.0,3531.0,693,17477,17643
2016-05-18 13:30:00.000000000,1463549400000000000,3531.0,3537.0,3500.0,3510.0,1573,17643,17583
2016-05-18 14:00:00.000000000,1463551200000000000,3510.0,3519.0,3492.0,3499.0,926,17583,17734
2016-05-18 14:30:00.000000000,1463553000000000000,3499.0,3505.0,3493.0,3496.0,740,17734,17874
2016-05-19 09:00:00.000000000,1463619600000000000,3500.0,3515.0,3493.0,3511.0,643,17874,17993
2016-05-19 09:30:00.000000000,1463621400000000000,3511.0,3516.0,3496.0,3502.0,487,17993,18084
2016-05-19 10:00:00.000000000,1463623200000000000,3502.0,3502.0,3494.0,3498.0,257,18084,18127
2016-05-19 10:30:00.000000000,1463625000000000000,3498.0,3500.0,3494.0,3496.0,225,18127,18203
2016-05-19 11:00:00.000000000,1463626800000000000,3496.0,3507.0,3493.0,3506.0,243,18203,18243
2016-05-19 13:30:00.000000000,1463635800000000000,3506.0,3507.0,3484.0,3484.0,445,18243,18173
2016-05-19 14:00:00.000000000,1463637600000000000,3484.0,3490.0,3476.0,3490.0,521,18173,18082
2016-05-19 14:30:00.000000000,1463639400000000000,3490.0,3498.0,3486.0,3488.0,338,18082,18085
2016-05-20 09:00:00.000000000,1463706000000000000,3509.0,3522.0,3487.0,3488.0,862,18085,18314
2016-05-20 09:30:00.000000000,1463707800000000000,3488.0,3496.0,3481.0,3496.0,540,18314,18397
2016-05-20 10:00:00.000000000,1463709600000000000,3496.0,3497.0,3486.0,3486.0,178,18397,18481
2016-05-20 10:30:00.000000000,1463711400000000000,3488.0,3494.0,3484.0,3493.0,333,18481,18578
2016-05-20 11:00:00.000000000,1463713200000000000,3493.0,3495.0,3486.0,3489.0,123,18578,18601
2016-05-20 13:30:00.000000000,1463722200000000000,3489.0,3495.0,3481.0,3493.0,327,18601,18668
2016-05-20 14:00:00.000000000,1463724000000000000,3493.0,3493.0,3481.0,3490.0,338,18668,18747
2016-05-20 14:30:00.000000000,1463725800000000000,3490.0,3497.0,3486.0,3497.0,332,18747,18694
2016-05-23 09:00:00.000000000,1463965200000000000,3475.0,3489.0,3453.0,3486.0,2067,18694,18759
2016-05-23 09:30:00.000000000,1463967000000000000,3486.0,3486.0,3474.0,3477.0,428,18759,18744
2016-05-23 10:00:00.000000000,1463968800000000000,3477.0,3477.0,3460.0,3460.0,661,18744,18873
2016-05-23 10:30:00.000000000,1463970600000000000,3460.0,3475.0,3460.0,3468.0,424,18873,18771
2016-05-23 11:00:00.000000000,1463972400000000000,3468.0,3475.0,3465.0,3470.0,259,18771,18761
2016-05-23 13:30:00.000000000,1463981400000000000,3474.0,3474.0,3465.0,3465.0,401,18761,18701
2016-05-23 14:00:00.000000000,1463983200000000000,3465.0,3469.0,3460.0,3464.0,496,18701,18553
2016-05-23 14:30:00.000000000,1463985000000000000,3464.0,3485.0,3463.0,3485.0,1041,18553,18389
2016-05-24 09:00:00.000000000,1464051600000000000,3475.0,3502.0,3464.0,3493.0,1574,18389,18571
2016-05-24 09:30:00.000000000,1464053400000000000,3493.0,3496.0,3483.0,3483.0,381,18571,18625
2016-05-24 10:00:00.000000000,1464055200000000000,3483.0,3488.0,3479.0,3487.0,249,18625,18625
2016-05-24 10:30:00.000000000,1464057000000000000,3488.0,3495.0,3480.0,3495.0,528,18625,18723
2016-05-24 11:00:00.000000000,1464058800000000000,3495.0,3497.0,3487.0,3495.0,244,18723,18685
2016-05-24 13:30:00.000000000,1464067800000000000,3495.0,3498.0,3485.0,3489.0,311,18685,18726
2016-05-24 14:00:00.000000000,1464069600000000000,3489.0,3499.0,3489.0,3497.0,379,18726,18622
2016-05-24 14:30:00.000000000,1464071400000000000,3497.0,3516.0,3496.0,3515.0,1229,18622,18461
2016-05-25 09:00:00.000000000,1464138000000000000,3507.0,3526.0,3506.0,3518.0,1398,18461,18269
2016-05-25 09:30:00.000000000,1464139800000000000,3518.0,3525.0,3517.0,3521.0,655,18269,18313
2016-05-25 10:00:00.000000000,1464141600000000000,3521.0,3524.0,3517.0,3520.0,194,18313,18277
2016-05-25 10:30:00.000000000,1464143400000000000,3522.0,3524.0,3521.0,3523.0,178,18277,18323
2016-05-25 11:00:00.000000000,1464145200000000000,3523.0,3532.0,3522.0,3530.0,502,18323,18318
2016-05-25 13:30:00.000000000,1464154200000000000,3530.0,3533.0,3518.0,3528.0,648,18318,18320
2016-05-25 14:00:00.000000000,1464156000000000000,3528.0,3538.0,3525.0,3535.0,907,18320,18408
2016-05-25 14:30:00.000000000,1464157800000000000,3535.0,3540.0,3525.0,3537.0,901,18408,18662
2016-05-26 09:00:00.000000000,1464224400000000000,3549.0,3563.0,3526.0,3536.0,1917,18662,18659
2016-05-26 09:30:00.000000000,1464226200000000000,3536.0,3536.0,3524.0,3531.0,801,18659,18630
2016-05-26 10:00:00.000000000,1464228000000000000,3531.0,3536.0,3529.0,3533.0,165,18630,18607
2016-05-26 10:30:00.000000000,1464229800000000000,3537.0,3550.0,3529.0,3544.0,596,18607,18531
2016-05-26 11:00:00.000000000,1464231600000000000,3544.0,3549.0,3533.0,3538.0,290,18531,18511
2016-05-26 13:30:00.000000000,1464240600000000000,3538.0,3545.0,3536.0,3540.0,282,18511,18458
2016-05-26 14:00:00.000000000,1464242400000000000,3540.0,3545.0,3540.0,3542.0,159,18458,18412
2016-05-26 14:30:00.000000000,1464244200000000000,3542.0,3556.0,3541.0,3552.0,553,18412,18435
2016-05-27 09:00:00.000000000,1464310800000000000,3533.0,3543.0,3531.0,3538.0,667,18435,18444
2016-05-27 09:30:00.000000000,1464312600000000000,3538.0,3542.0,3533.0,3542.0,288,18444,18467
2016-05-27 10:00:00.000000000,1464314400000000000,3542.0,3575.0,3542.0,3575.0,666,18467,18478
2016-05-27 10:30:00.000000000,1464316200000000000,3574.0,3595.0,3574.0,3595.0,1784,18478,18428
2016-05-27 11:00:00.000000000,1464318000000000000,3595.0,3601.0,3588.0,3590.0,1492,18428,18289
2016-05-27 13:30:00.000000000,1464327000000000000,3590.0,3599.0,3567.0,3581.0,1120,18289,18384
2016-05-27 14:00:00.000000000,1464328800000000000,3581.0,3590.0,3578.0,3589.0,639,18384,18351
2016-05-27 14:30:00.000000000,1464330600000000000,3589.0,3613.0,3588.0,3610.0,1049,18351,18248
2016-05-30 09:00:00.000000000,1464570000000000000,3608.0,3615.0,3583.0,3606.0,1251,18248,18182
2016-05-30 09:30:00.000000000,1464571800000000000,3606.0,3609.0,3593.0,3597.0,864,18182,18284
2016-05-30 10:00:00.000000000,1464573600000000000,3597.0,3607.0,3597.0,3606.0,145,18284,18346
2016-05-30 10:30:00.000000000,1464575400000000000,3606.0,3607.0,3597.0,3602.0,437,18346,18305
2016-05-30 11:00:00.000000000,1464577200000000000,3602.0,3617.0,3602.0,3612.0,756,18305,18392
2016-05-30 13:30:00.000000000,1464586200000000000,3612.0,3613.0,3600.0,3600.0,535,18392,18372
2016-05-30 14:00:00.000000000,1464588000000000000,3600.0,3603.0,3596.0,3602.0,520,18372,18396
2016-05-30 14:30:00.000000000,1464589800000000000,3602.0,3610.0,3593.0,3609.0,1129,18396,18079
2016-05-31 09:00:00.000000000,1464656400000000000,3590.0,3604.0,3583.0,3598.0,1261,18079,17999
2016-05-31 09:30:00.000000000,1464658200000000000,3598.0,3625.0,3597.0,3603.0,661,17999,18109
2016-05-31 10:00:00.000000000,1464660000000000000,3603.0,3613.0,3603.0,3610.0,89,18109,18130
2016-05-31 10:30:00.000000000,1464661800000000000,3610.0,3610.0,3592.0,3598.0,408,18130,18090
2016-05-31 11:00:00.000000000,1464663600000000000,3598.0,3607.0,3592.0,3605.0,453,18090,18061
2016-05-31 13:30:00.000000000,1464672600000000000,3605.0,3608.0,3600.0,3606.0,317,18061,18060
2016-05-31 14:00:00.000000000,1464674400000000000,3606.0,3607.0,3595.0,3597.0,385,18060,17959
2016-05-31 14:30:00.000000000,1464676200000000000,3597.0,3601.0,3588.0,3594.0,1642,17959,18058
2016-06-01 09:00:00.000000000,1464742800000000000,3580.0,3588.0,3555.0,3568.0,1901,18058,17683
2016-06-01 09:30:00.000000000,1464744600000000000,3568.0,3576.0,3566.0,3571.0,372,17683,17697
2016-06-01 10:00:00.000000000,1464746400000000000,3571.0,3572.0,3565.0,3571.0,194,17697,17726
2016-06-01 10:30:00.000000000,1464748200000000000,3571.0,3574.0,3565.0,3567.0,216,17726,17644
2016-06-01 11:00:00.000000000,1464750000000000000,3567.0,3573.0,3563.0,3573.0,157,17644,17642
2016-06-01 13:30:00.000000000,1464759000000000000,3568.0,3571.0,3550.0,3560.0,622,17642,17733
2016-06-01 14:00:00.000000000,1464760800000000000,3560.0,3560.0,3516.0,3524.0,1956,17733,17721
2016-06-01 14:30:00.000000000,1464762600000000000,3524.0,3535.0,3520.0,3520.0,1208,17721,17473
2016-06-02 09:00:00.000000000,1464829200000000000,3551.0,3565.0,3532.0,3563.0,2009,17473,17465
2016-06-02 09:30:00.000000000,1464831000000000000,3563.0,3568.0,3557.0,3566.0,452,17465,17556
2016-06-02 10:00:00.000000000,1464832800000000000,3566.0,3570.0,3559.0,3564.0,235,17556,17594
2016-06-02 10:30:00.000000000,1464834600000000000,3563.0,3563.0,3543.0,3557.0,709,17594,17684
2016-06-02 11:00:00.000000000,1464836400000000000,3557.0,3565.0,3550.0,3551.0,431,17684,17695
2016-06-02 13:30:00.000000000,1464845400000000000,3551.0,3555.0,3536.0,3546.0,489,17695,17764
2016-06-02 14:00:00.000000000,1464847200000000000,3546.0,3547.0,3538.0,3538.0,271,17764,17719
2016-06-02 14:30:00.000000000,1464849000000000000,3538.0,3550.0,3535.0,3539.0,596,17719,17598
2016-06-03 09:00:00.000000000,1464915600000000000,3558.0,3575.0,3551.0,3556.0,987,17598,17657
2016-06-03 09:30:00.000000000,1464917400000000000,3556.0,3568.0,3554.0,3557.0,544,17657,17758
2016-06-03 10:00:00.000000000,1464919200000000000,3557.0,3564.0,3555.0,3558.0,207,17758,17743
2016-06-03 10:30:00.000000000,1464921000000000000,3558.0,3564.0,3551.0,3553.0,289,17743,17802
2016-06-03 11:00:00.000000000,1464922800000000000,3553.0,3554.0,3525.0,3531.0,951,17802,18007
2016-06-03 13:30:00.000000000,1464931800000000000,3531.0,3546.0,3521.0,3545.0,493,18007,17994
2016-06-03 14:00:00.000000000,1464933600000000000,3545.0,3552.0,3540.0,3541.0,387,17994,17983
2016-06-03 14:30:00.000000000,1464935400000000000,3541.0,3545.0,3533.0,3542.0,348,17983,17998
2016-06-06 09:00:00.000000000,1465174800000000000,3544.0,3555.0,3512.0,3552.0,1485,17998,18236
2016-06-06 09:30:00.000000000,1465176600000000000,3552.0,3554.0,3546.0,3547.0,441,18236,18312
2016-06-06 10:00:00.000000000,1465178400000000000,3547.0,3553.0,3542.0,3545.0,113,18312,18335
2016-06-06 10:30:00.000000000,1465180200000000000,3545.0,3553.0,3544.0,3549.0,314,18335,18390
2016-06-06 11:00:00.000000000,1465182000000000000,3549.0,3588.0,3549.0,3581.0,1081,18390,18266
2016-06-06 13:30:00.000000000,1465191000000000000,3586.0,3594.0,3569.0,3574.0,1326,18266,18678
2016-06-06 14:00:00.000000000,1465192800000000000,3574.0,3583.0,3572.0,3576.0,336,18678,18679
2016-06-06 14:30:00.000000000,1465194600000000000,3576.0,3596.0,3575.0,3591.0,1303,18679,18414
2016-06-07 09:00:00.000000000,1465261200000000000,3590.0,3593.0,3564.0,3592.0,1890,18414,18790
2016-06-07 09:30:00.000000000,1465263000000000000,3592.0,3595.0,3580.0,3581.0,926,18790,18825
2016-06-07 10:00:00.000000000,1465264800000000000,3581.0,3595.0,3580.0,3592.0,371,18825,18761
2016-06-07 10:30:00.000000000,1465266600000000000,3592.0,3595.0,3581.0,3590.0,384,18761,18736
2016-06-07 11:00:00.000000000,1465268400000000000,3590.0,3603.0,3590.0,3595.0,527,18736,18756
2016-06-07 13:30:00.000000000,1465277400000000000,3595.0,3596.0,3580.0,3587.0,590,18756,18663
2016-06-07 14:00:00.000000000,1465279200000000000,3587.0,3589.0,3580.0,3589.0,310,18663,18642
2016-06-07 14:30:00.000000000,1465281000000000000,3589.0,3595.0,3586.0,3593.0,490,18642,18567
2016-06-08 09:00:00.000000000,1465347600000000000,3580.0,3598.0,3572.0,3588.0,1022,18567,18717
2016-06-08 09:30:00.000000000,1465349400000000000,3588.0,3597.0,3583.0,3587.0,433,18717,18700
2016-06-08 10:00:00.000000000,1465351200000000000,3587.0,3590.0,3578.0,3587.0,177,18700,18678
2016-06-08 10:30:00.000000000,1465353000000000000,3588.0,3588.0,3579.0,3583.0,274,18678,18722
2016-06-08 11:00:00.000000000,1465354800000000000,3583.0,3588.0,3577.0,3584.0,300,18722,18681
2016-06-08 13:30:00.000000000,1465363800000000000,3582.0,3584.0,3576.0,3576.0,257,18681,18613
2016-06-08 14:00:00.000000000,1465365600000000000,3576.0,3581.0,3574.0,3580.0,317,18613,18560
2016-06-08 14:30:00.000000000,1465367400000000000,3580.0,3598.0,3578.0,3597.0,783,18560,18370
2016-06-13 09:00:00.000000000,1465779600000000000,3580.0,3647.0,3521.0,3626.0,3613,18370,18844
2016-06-13 09:30:00.000000000,1465781400000000000,3626.0,3670.0,3626.0,3669.0,2093,18844,19027
2016-06-13 10:00:00.000000000,1465783200000000000,3669.0,3680.0,3650.0,3660.0,908,19027,19039
2016-06-13 10:30:00.000000000,1465785000000000000,3664.0,3688.0,3662.0,3675.0,1312,19039,19179
2016-06-13 11:00:00.000000000,1465786800000000000,3675.0,3689.0,3671.0,3682.0,579,19179,19228
2016-06-13 13:30:00.000000000,1465795800000000000,3682.0,3682.0,3660.0,3664.0,546,19228,19151
2016-06-13 14:00:00.000000000,1465797600000000000,3664.0,3680.0,3662.0,3678.0,474,19151,19039
2016-06-13 14:30:00.000000000,1465799400000000000,3678.0,3688.0,3666.0,3688.0,1034,19039,18941
2016-06-14 09:00:00.000000000,1465866000000000000,3655.0,3673.0,3640.0,3661.0,2312,18941,19327
2016-06-14 09:30:00.000000000,1465867800000000000,3661.0,3666.0,3652.0,3663.0,790,19327,19483
2016-06-14 10:00:00.000000000,1465869600000000000,3663.0,3664.0,3656.0,3661.0,311,19483,19479
2016-06-14 10:30:00.000000000,1465871400000000000,3660.0,3668.0,3640.0,3642.0,740,19479,19281
2016-06-14 11:00:00.000000000,1465873200000000000,3642.0,3647.0,3630.0,3641.0,1113,19281,19213
2016-06-14 13:30:00.000000000,1465882200000000000,3641.0,3642.0,3628.0,3629.0,695,19213,19370
2016-06-14 14:00:00.000000000,1465884000000000000,3629.0,3641.0,3625.0,3639.0,739,19370,19493
2016-06-14 14:30:00.000000000,1465885800000000000,3639.0,3647.0,3628.0,3636.0,1140,19493,19810
2016-06-15 09:00:00.000000000,1465952400000000000,3627.0,3644.0,3600.0,3618.0,2294,19810,20548
2016-06-15 09:30:00.000000000,1465954200000000000,3618.0,3623.0,3606.0,3609.0,857,20548,20800
2016-06-15 10:00:00.000000000,1465956000000000000,3609.0,3609.0,3565.0,3580.0,1871,20800,21288
2016-06-15 10:30:00.000000000,1465957800000000000,3580.0,3606.0,3570.0,3570.0,1888,21288,21539
2016-06-15 11:00:00.000000000,1465959600000000000,3570.0,3577.0,3555.0,3559.0,1625,21539,21897
2016-06-15 13:30:00.000000000,1465968600000000000,3559.0,3560.0,3542.0,3545.0,1939,21897,22032
2016-06-15 14:00:00.000000000,1465970400000000000,3545.0,3555.0,3535.0,3552.0,1099,22032,22407
2016-06-15 14:30:00.000000000,1465972200000000000,3552.0,3554.0,3530.0,3533.0,1618,22407,22388
2016-06-16 09:00:00.000000000,1466038800000000000,3542.0,3542.0,3510.0,3531.0,2028,22388,22552
2016-06-16 09:30:00.000000000,1466040600000000000,3531.0,3550.0,3528.0,3546.0,1230,22552,22327
2016-06-16 10:00:00.000000000,1466042400000000000,3546.0,3552.0,3544.0,3546.0,340,22327,22289
2016-06-16 10:30:00.000000000,1466044200000000000,3546.0,3548.0,3542.0,3543.0,286,22289,22285
2016-06-16 11:00:00.000000000,1466046000000000000,3543.0,3548.0,3535.0,3537.0,461,22285,22270
2016-06-16 13:30:00.000000000,1466055000000000000,3538.0,3542.0,3525.0,3539.0,647,22270,22400
2016-06-16 14:00:00.000000000,1466056800000000000,3539.0,3541.0,3536.0,3536.0,380,22400,22242
2016-06-16 14:30:00.000000000,1466058600000000000,3536.0,3549.0,3535.0,3549.0,930,22242,21929
2016-06-17 09:00:00.000000000,1466125200000000000,3545.0,3575.0,3545.0,3560.0,2263,21929,21902
2016-06-17 09:30:00.000000000,1466127000000000000,3560.0,3566.0,3557.0,3564.0,349,21902,21962
2016-06-17 10:00:00.000000000,1466128800000000000,3564.0,3569.0,3563.0,3566.0,181,21962,21962
2016-06-17 10:30:00.000000000,1466130600000000000,3566.0,3588.0,3563.0,3580.0,1231,21962,21681
2016-06-17 11:00:00.000000000,1466132400000000000,3580.0,3585.0,3572.0,3578.0,525,21681,21713
2016-06-17 13:30:00.000000000,1466141400000000000,3580.0,3581.0,3564.0,3570.0,616,21713,21689
2016-06-17 14:00:00.000000000,1466143200000000000,3570.0,3585.0,3563.0,3579.0,644,21689,21514
2016-06-17 14:30:00.000000000,1466145000000000000,3579.0,3598.0,3578.0,3595.0,1124,21514,21062
2016-06-20 09:00:00.000000000,1466384400000000000,3588.0,3590.0,3559.0,3588.0,2028,21062,21500
2016-06-20 09:30:00.000000000,1466386200000000000,3588.0,3600.0,3582.0,3585.0,1039,21500,21542
2016-06-20 10:00:00.000000000,1466388000000000000,3585.0,3590.0,3583.0,3588.0,173,21542,21540
2016-06-20 10:30:00.000000000,1466389800000000000,3588.0,3588.0,3571.0,3581.0,698,21540,21597
2016-06-20 11:00:00.000000000,1466391600000000000,3581.0,3588.0,3579.0,3586.0,287,21597,21618
2016-06-20 13:30:00.000000000,1466400600000000000,3586.0,3586.0,3573.0,3575.0,307,21618,21656
2016-06-20 14:00:00.000000000,1466402400000000000,3575.0,3578.0,3563.0,3576.0,459,21656,21692
2016-06-20 14:30:00.000000000,1466404200000000000,3576.0,3588.0,3568.0,3569.0,630,21692,21713
2016-06-21 09:00:00.000000000,1466470800000000000,3578.0,3589.0,3568.0,3584.0,1456,21713,21911
2016-06-21 09:30:00.000000000,1466472600000000000,3584.0,3586.0,3561.0,3565.0,933,21911,22090
2016-06-21 10:00:00.000000000,1466474400000000000,3565.0,3570.0,3560.0,3561.0,811,22090,22348
2016-06-21 10:30:00.000000000,1466476200000000000,3563.0,3566.0,3557.0,3563.0,508,22348,22352
2016-06-21 11:00:00.000000000,1466478000000000000,3563.0,3563.0,3545.0,3545.0,1930,22352,22757
2016-06-21 13:30:00.000000000,1466487000000000000,3544.0,3544.0,3528.0,3535.0,2205,22757,23189
2016-06-21 14:00:00.000000000,1466488800000000000,3535.0,3535.0,3518.0,3526.0,991,23189,23204
2016-06-21 14:30:00.000000000,1466490600000000000,3526.0,3535.0,3521.0,3531.0,1111,23204,22915
2016-06-22 09:00:00.000000000,1466557200000000000,3530.0,3540.0,3512.0,3535.0,1596,22915,23335
2016-06-22 09:30:00.000000000,1466559000000000000,3535.0,3546.0,3532.0,3546.0,563,23335,23320
2016-06-22 10:00:00.000000000,1466560800000000000,3546.0,3547.0,3544.0,3546.0,484,23320,23082
2016-06-22 10:30:00.000000000,1466562600000000000,3547.0,3549.0,3535.0,3549.0,1018,23082,22966
2016-06-22 11:00:00.000000000,1466564400000000000,3549.0,3555.0,3543.0,3548.0,930,22966,22855
2016-06-22 13:30:00.000000000,1466573400000000000,3545.0,3550.0,3540.0,3546.0,506,22855,22963
2016-06-22 14:00:00.000000000,1466575200000000000,3546.0,3555.0,3545.0,3553.0,607,22963,22875
2016-06-22 14:30:00.000000000,1466577000000000000,3553.0,3561.0,3552.0,3560.0,954,22875,22799
2016-06-23 09:00:00.000000000,1466643600000000000,3559.0,3559.0,3534.0,3540.0,1761,22799,23250
2016-06-23 09:30:00.000000000,1466645400000000000,3540.0,3540.0,3523.0,3538.0,1416,23250,23658
2016-06-23 10:00:00.000000000,1466647200000000000,3538.0,3564.0,3537.0,3560.0,798,23658,23584
2016-06-23 10:30:00.000000000,1466649000000000000,3557.0,3579.0,3557.0,3565.0,1385,23584,23681
2016-06-23 11:00:00.000000000,1466650800000000000,3565.0,3569.0,3555.0,3561.0,946,23681,23563
2016-06-23 13:30:00.000000000,1466659800000000000,3562.0,3566.0,3558.0,3564.0,307,23563,23563
2016-06-23 14:00:00.000000000,1466661600000000000,3564.0,3572.0,3555.0,3560.0,794,23563,23513
2016-06-23 14:30:00.000000000,1466663400000000000,3560.0,3561.0,3537.0,3541.0,1347,23513,23382
2016-06-24 09:00:00.000000000,1466730000000000000,3541.0,3578.0,3536.0,3578.0,2340,23382,23620
2016-06-24 09:30:00.000000000,1466731800000000000,3578.0,3579.0,3570.0,3574.0,947,23620,23521
2016-06-24 10:00:00.000000000,1466733600000000000,3574.0,3576.0,3562.0,3562.0,491,23521,23468
2016-06-24 10:30:00.000000000,1466735400000000000,3562.0,3565.0,3550.0,3551.0,796,23468,23482
2016-06-24 11:00:00.000000000,1466737200000000000,3551.0,3563.0,3548.0,3554.0,645,23482,23446
2016-06-24 13:30:00.000000000,1466746200000000000,3554.0,3562.0,3540.0,3554.0,961,23446,23315
2016-06-24 14:00:00.000000000,1466748000000000000,3554.0,3560.0,3548.0,3553.0,387,23315,23340
2016-06-24 14:30:00.000000000,1466749800000000000,3553.0,3555.0,3540.0,3540.0,908,23340,23140
2016-06-27 09:00:00.000000000,1466989200000000000,3555.0,3620.0,3554.0,3620.0,3436,23140,23094
2016-06-27 09:30:00.000000000,1466991000000000000,3620.0,3623.0,3608.0,3618.0,1463,23094,23159
2016-06-27 10:00:00.000000000,1466992800000000000,3618.0,3640.0,3610.0,3625.0,1653,23159,22550
2016-06-27 10:30:00.000000000,1466994600000000000,3625.0,3631.0,3620.0,3627.0,844,22550,22489
2016-06-27 11:00:00.000000000,1466996400000000000,3627.0,3645.0,3620.0,3640.0,1720,22489,23069
2016-06-27 13:30:00.000000000,1467005400000000000,3641.0,3644.0,3621.0,3621.0,1000,23069,22902
2016-06-27 14:00:00.000000000,1467007200000000000,3621.0,3630.0,3620.0,3625.0,632,22902,22773
2016-06-27 14:30:00.000000000,1467009000000000000,3625.0,3634.0,3623.0,3634.0,1173,22773,22723
2016-06-28 09:00:00.000000000,1467075600000000000,3636.0,3644.0,3604.0,3616.0,2789,22723,22340
2016-06-28 09:30:00.000000000,1467077400000000000,3616.0,3640.0,3614.0,3636.0,1472,22340,22484
2016-06-28 10:00:00.000000000,1467079200000000000,3636.0,3638.0,3629.0,3635.0,394,22484,22499
2016-06-28 10:30:00.000000000,1467081000000000000,3635.0,3667.0,3634.0,3655.0,2258,22499,22472
2016-06-28 11:00:00.000000000,1467082800000000000,3655.0,3660.0,3645.0,3652.0,1267,22472,22209
2016-06-28 13:30:00.000000000,1467091800000000000,3651.0,3667.0,3646.0,3647.0,1423,22209,22267
2016-06-28 14:00:00.000000000,1467093600000000000,3647.0,3657.0,3645.0,3651.0,752,22267,22050
2016-06-28 14:30:00.000000000,1467095400000000000,3651.0,3673.0,3651.0,3667.0,1961,22050,22306
2016-06-29 09:00:00.000000000,1467162000000000000,3672.0,3750.0,3670.0,3692.0,5484,22306,22723
2016-06-29 09:30:00.000000000,1467163800000000000,3692.0,3700.0,3677.0,3691.0,1501,22723,22834
2016-06-29 10:00:00.000000000,1467165600000000000,3691.0,3699.0,3691.0,3698.0,303,22834,22953
2016-06-29 10:30:00.000000000,1467167400000000000,3696.0,3699.0,3671.0,3672.0,1662,22953,22991
2016-06-29 11:00:00.000000000,1467169200000000000,3672.0,3673.0,3650.0,3666.0,1683,22991,23186
2016-06-29 13:30:00.000000000,1467178200000000000,3666.0,3692.0,3660.0,3687.0,1101,23186,23270
2016-06-29 14:00:00.000000000,1467180000000000000,3687.0,3690.0,3672.0,3679.0,581,23270,23274
2016-06-29 14:30:00.000000000,1467181800000000000,3679.0,3699.0,3674.0,3691.0,1026,23274,23370
2016-06-30 09:00:00.000000000,1467248400000000000,3705.0,3712.0,3666.0,3678.0,2235,23370,23822
2016-06-30 09:30:00.000000000,1467250200000000000,3678.0,3697.0,3673.0,3691.0,969,23822,23960
2016-06-30 10:00:00.000000000,1467252000000000000,3691.0,3700.0,3690.0,3695.0,547,23960,24043
2016-06-30 10:30:00.000000000,1467253800000000000,3696.0,3697.0,3686.0,3687.0,845,24043,24250
2016-06-30 11:00:00.000000000,1467255600000000000,3687.0,3693.0,3680.0,3682.0,864,24250,24221
2016-06-30 13:30:00.000000000,1467264600000000000,3684.0,3689.0,3672.0,3681.0,963,24221,24450
2016-06-30 14:00:00.000000000,1467266400000000000,3681.0,3688.0,3675.0,3684.0,419,24450,24523
2016-06-30 14:30:00.000000000,1467268200000000000,3684.0,3699.0,3682.0,3698.0,1195,24523,24457
2016-07-01 09:00:00.000000000,1467334800000000000,3719.0,3725.0,3681.0,3701.0,3032,24457,25313
2016-07-01 09:30:00.000000000,1467336600000000000,3701.0,3702.0,3691.0,3698.0,1151,25313,25798
2016-07-01 10:00:00.000000000,1467338400000000000,3698.0,3705.0,3694.0,3697.0,725,25798,25704
2016-07-01 10:30:00.000000000,1467340200000000000,3697.0,3707.0,3695.0,3703.0,883,25704,25780
2016-07-01 11:00:00.000000000,1467342000000000000,3703.0,3703.0,3695.0,3699.0,346,25780,25758
2016-07-01 13:30:00.000000000,1467351000000000000,3699.0,3718.0,3688.0,3715.0,2246,25758,26220
2016-07-01 14:00:00.000000000,1467352800000000000,3715.0,3725.0,3707.0,3714.0,2149,26220,26186
2016-07-01 14:30:00.000000000,1467354600000000000,3714.0,3727.0,3710.0,3711.0,2162,26186,26057
2016-07-04 09:00:00.000000000,1467594000000000000,3704.0,3750.0,3702.0,3738.0,3785,26057,27098
2016-07-04 09:30:00.000000000,1467595800000000000,3738.0,3764.0,3731.0,3735.0,3534,27098,27587
2016-07-04 10:00:00.000000000,1467597600000000000,3735.0,3752.0,3730.0,3745.0,980,27587,27728
2016-07-04 10:30:00.000000000,1467599400000000000,3745.0,3760.0,3743.0,3760.0,1492,27728,28140
2016-07-04 11:00:00.000000000,1467601200000000000,3760.0,3761.0,3734.0,3746.0,1176,28140,28150
2016-07-04 13:30:00.000000000,1467610200000000000,3747.0,3754.0,3721.0,3722.0,2106,28150,28121
2016-07-04 14:00:00.000000000,1467612000000000000,3722.0,3733.0,3714.0,3729.0,1628,28121,27841
2016-07-04 14:30:00.000000000,1467613800000000000,3729.0,3742.0,3718.0,3727.0,1372,27841,27680
2016-07-05 09:00:00.000000000,1467680400000000000,3720.0,3720.0,3694.0,3700.0,4277,27680,27814
2016-07-05 09:30:00.000000000,1467682200000000000,3700.0,3705.0,3655.0,3696.0,4030,27814,27175
2016-07-05 10:00:00.000000000,1467684000000000000,3696.0,3710.0,3693.0,3707.0,793,27175,27094
2016-07-05 10:30:00.000000000,1467685800000000000,3708.0,3716.0,3705.0,3711.0,991,27094,27139
2016-07-05 11:00:00.000000000,1467687600000000000,3711.0,3715.0,3686.0,3715.0,1081,27139,27081
2016-07-05 13:30:00.000000000,1467696600000000000,3714.0,3734.0,3702.0,3734.0,1595,27081,27309
2016-07-05 14:00:00.000000000,1467698400000000000,3734.0,3759.0,3733.0,3756.0,3523,27309,28035
2016-07-05 14:30:00.000000000,1467700200000000000,3756.0,3798.0,3754.0,3785.0,5320,28035,28893
2016-07-06 09:00:00.000000000,1467766800000000000,3701.0,3764.0,3690.0,3750.0,8558,28893,29020
2016-07-06 09:30:00.000000000,1467768600000000000,3750.0,3841.0,3750.0,3838.0,11014,29020,32615
2016-07-06 10:00:00.000000000,1467770400000000000,3838.0,3854.0,3834.0,3847.0,3805,32615,33056
2016-07-06 10:30:00.000000000,1467772200000000000,3846.0,3888.0,3836.0,3884.0,6621,33056,33956
2016-07-06 11:00:00.000000000,1467774000000000000,3884.0,3887.0,3821.0,3838.0,6128,33956,33407
2016-07-06 13:30:00.000000000,1467783000000000000,3842.0,3878.0,3838.0,3868.0,3833,33407,33758
2016-07-06 14:00:00.000000000,1467784800000000000,3868.0,3869.0,3840.0,3849.0,2699,33758,33553
2016-07-06 14:30:00.000000000,1467786600000000000,3849.0,3855.0,3801.0,3854.0,6477,33553,32647
2016-07-07 09:00:00.000000000,1467853200000000000,3870.0,3899.0,3832.0,3867.0,5966,32647,33222
2016-07-07 09:30:00.000000000,1467855000000000000,3867.0,3870.0,3851.0,3858.0,1538,33222,33257
2016-07-07 10:00:00.000000000,1467856800000000000,3858.0,3866.0,3854.0,3864.0,518,33257,33146
2016-07-07 10:30:00.000000000,1467858600000000000,3864.0,3872.0,3855.0,3859.0,1020,33146,33293
2016-07-07 11:00:00.000000000,1467860400000000000,3859.0,3867.0,3806.0,3815.0,4612,33293,33209
2016-07-07 13:30:00.000000000,1467869400000000000,3815.0,3830.0,3760.0,3789.0,5595,33209,31925
2016-07-07 14:00:00.000000000,1467871200000000000,3789.0,3805.0,3758.0,3786.0,3578,31925,31566
2016-07-07 14:30:00.000000000,1467873000000000000,3786.0,3805.0,3780.0,3783.0,2325,31566,30948
2016-07-08 09:00:00.000000000,1467939600000000000,3745.0,3823.0,3740.0,3784.0,7612,30948,31988
2016-07-08 09:30:00.000000000,1467941400000000000,3784.0,3784.0,3705.0,3705.0,7654,31988,32003
2016-07-08 10:00:00.000000000,1467943200000000000,3705.0,3728.0,3703.0,3719.0,2112,32003,32158
2016-07-08 10:30:00.000000000,1467945000000000000,3719.0,3719.0,3668.0,3702.0,6061,32158,30768
2016-07-08 11:00:00.000000000,1467946800000000000,3702.0,3708.0,3683.0,3686.0,1598,30768,30671
2016-07-08 13:30:00.000000000,1467955800000000000,3695.0,3713.0,3688.0,3692.0,1735,30671,30645
2016-07-08 14:00:00.000000000,1467957600000000000,3692.0,3724.0,3691.0,3705.0,2101,30645,30705
2016-07-08 14:30:00.000000000,1467959400000000000,3705.0,3711.0,3704.0,3710.0,1157,30705,30370
2016-07-11 09:00:00.000000000,1468198800000000000,3749.0,3812.0,3739.0,3795.0,9260,30370,30859
2016-07-11 09:30:00.000000000,1468200600000000000,3795.0,3798.0,3778.0,3792.0,1995,30859,31379
2016-07-11 10:00:00.000000000,1468202400000000000,3792.0,3799.0,3787.0,3795.0,532,31379,31476
2016-07-11 10:30:00.000000000,1468204200000000000,3794.0,3801.0,3786.0,3792.0,1473,31476,31772
2016-07-11 11:00:00.000000000,1468206000000000000,3792.0,3801.0,3788.0,3798.0,1331,31772,31629
2016-07-11 13:30:00.000000000,1468215000000000000,3798.0,3808.0,3773.0,3785.0,2321,31629,31344
2016-07-11 14:00:00.000000000,1468216800000000000,3785.0,3790.0,3771.0,3777.0,1111,31344,31405
2016-07-11 14:30:00.000000000,1468218600000000000,3777.0,3795.0,3774.0,3790.0,1353,31405,31445
2016-07-12 09:00:00.000000000,1468285200000000000,3779.0,3798.0,3771.0,3790.0,2967,31445,32031
2016-07-12 09:30:00.000000000,1468287000000000000,3790.0,3791.0,3777.0,3782.0,2024,32031,32113
2016-07-12 10:00:00.000000000,1468288800000000000,3782.0,3808.0,3780.0,3796.0,2509,32113,32581
2016-07-12 10:30:00.000000000,1468290600000000000,3797.0,3799.0,3718.0,3718.0,7982,32581,32738
2016-07-12 11:00:00.000000000,1468292400000000000,3718.0,3738.0,3711.0,3726.0,3178,32738,32614
2016-07-12 13:30:00.000000000,1468301400000000000,3728.0,3728.0,3694.0,3694.0,3123,32614,32981
2016-07-12 14:00:00.000000000,1468303200000000000,3694.0,3730.0,3691.0,3721.0,2266,32981,33009
2016-07-12 14:30:00.000000000,1468305000000000000,3721.0,3726.0,3703.0,3718.0,2392,33009,32764
2016-07-13 09:00:00.000000000,1468371600000000000,3744.0,3749.0,3730.0,3740.0,4161,32764,33179
2016-07-13 09:30:00.000000000,1468373400000000000,3740.0,3743.0,3707.0,3708.0,3231,33179,33060
2016-07-13 10:00:00.000000000,1468375200000000000,3708.0,3722.0,3703.0,3721.0,1209,33060,32912
2016-07-13 10:30:00.000000000,1468377000000000000,3722.0,3743.0,3720.0,3737.0,2142,32912,32486
2016-07-13 11:00:00.000000000,1468378800000000000,3737.0,3741.0,3730.0,3740.0,1204,32486,32615
2016-07-13 13:30:00.000000000,1468387800000000000,3740.0,3755.0,3737.0,3739.0,2920,32615,33210
2016-07-13 14:00:00.000000000,1468389600000000000,3739.0,3741.0,3727.0,3740.0,1327,33210,33213
2016-07-13 14:30:00.000000000,1468391400000000000,3740.0,3740.0,3721.0,3724.0,1453,33213,32853
2016-07-14 09:00:00.000000000,1468458000000000000,3730.0,3737.0,3693.0,3699.0,4430,32853,33823
2016-07-14 09:30:00.000000000,1468459800000000000,3699.0,3707.0,3685.0,3704.0,2681,33823,33539
2016-07-14 10:00:00.000000000,1468461600000000000,3704.0,3707.0,3694.0,3704.0,416,33539,33592
2016-07-14 10:30:00.000000000,1468463400000000000,3704.0,3716.0,3695.0,3714.0,1086,33592,33695
2016-07-14 11:00:00.000000000,1468465200000000000,3714.0,3720.0,3707.0,3710.0,961,33695,33790
2016-07-14 13:30:00.000000000,1468474200000000000,3713.0,3713.0,3697.0,3704.0,1242,33790,33926
2016-07-14 14:00:00.000000000,1468476000000000000,3704.0,3711.0,3699.0,3704.0,869,33926,34119
2016-07-14 14:30:00.000000000,1468477800000000000,3704.0,3710.0,3690.0,3708.0,2416,34119,33966
2016-07-15 09:00:00.000000000,1468544400000000000,3680.0,3720.0,3672.0,3707.0,4505,33966,34948
2016-07-15 09:30:00.000000000,1468546200000000000,3707.0,3724.0,3705.0,3708.0,2239,34948,35395
2016-07-15 10:00:00.000000000,1468548000000000000,3708.0,3715.0,3705.0,3714.0,470,35395,35440
2016-07-15 10:30:00.000000000,1468549800000000000,3712.0,3720.0,3707.0,3714.0,704,35440,35571
2016-07-15 11:00:00.000000000,1468551600000000000,3714.0,3715.0,3695.0,3695.0,1640,35571,35524
2016-07-15 13:30:00.000000000,1468560600000000000,3694.0,3701.0,3687.0,3696.0,1428,35524,35331
2016-07-15 14:00:00.000000000,1468562400000000000,3696.0,3700.0,3687.0,3696.0,981,35331,35429
2016-07-15 14:30:00.000000000,1468564200000000000,3696.0,3706.0,3693.0,3700.0,1739,35429,35091
2016-07-18 09:00:00.000000000,1468803600000000000,3686.0,3703.0,3686.0,3697.0,3452,35091,35762
2016-07-18 09:30:00.000000000,1468805400000000000,3697.0,3736.0,3695.0,3736.0,3728,35762,36762
2016-07-18 10:00:00.000000000,1468807200000000000,3736.0,3745.0,3730.0,3730.0,3028,36762,37793
2016-07-18 10:30:00.000000000,1468809000000000000,3730.0,3736.0,3710.0,3725.0,2904,37793,37640
2016-07-18 11:00:00.000000000,1468810800000000000,3725.0,3727.0,3712.0,3725.0,1310,37640,37914
2016-07-18 13:30:00.000000000,1468819800000000000,3726.0,3738.0,3723.0,3731.0,1767,37914,37943
2016-07-18 14:00:00.000000000,1468821600000000000,3731.0,3734.0,3713.0,3718.0,2082,37943,38066
2016-07-18 14:30:00.000000000,1468823400000000000,3718.0,3718.0,3688.0,3691.0,5087,38066,37003
2016-07-19 09:00:00.000000000,1468890000000000000,3710.0,3720.0,3701.0,3707.0,3382,37003,37535
2016-07-19 09:30:00.000000000,1468891800000000000,3707.0,3708.0,3670.0,3677.0,3830,37535,37698
2016-07-19 10:00:00.000000000,1468893600000000000,3677.0,3685.0,3676.0,3681.0,1026,37698,37819
2016-07-19 10:30:00.000000000,1468895400000000000,3680.0,3682.0,3650.0,3658.0,4822,37819,38155
2016-07-19 11:00:00.000000000,1468897200000000000,3658.0,3661.0,3625.0,3626.0,4637,38155,38994
2016-07-19 13:30:00.000000000,1468906200000000000,3629.0,3629.0,3611.0,3628.0,4533,38994,38813
2016-07-19 14:00:00.000000000,1468908000000000000,3628.0,3630.0,3613.0,3627.0,1844,38813,38746
2016-07-19 14:30:00.000000000,1468909800000000000,3627.0,3630.0,3617.0,3627.0,2693,38746,38778
2016-07-20 09:00:00.000000000,1468976400000000000,3625.0,3631.0,3605.0,3614.0,4561,38778,39555
2016-07-20 09:30:00.000000000,1468978200000000000,3614.0,3614.0,3583.0,3600.0,4295,39555,40584
2016-07-20 10:00:00.000000000,1468980000000000000,3600.0,3600.0,3588.0,3599.0,658,40584,40644
2016-07-20 10:30:00.000000000,1468981800000000000,3599.0,3607.0,3591.0,3599.0,1298,40644,40830
2016-07-20 11:00:00.000000000,1468983600000000000,3599.0,3604.0,3593.0,3604.0,960,40830,40969
2016-07-20 13:30:00.000000000,1468992600000000000,3605.0,3628.0,3602.0,3620.0,3379,40969,40669
2016-07-20 14:00:00.000000000,1468994400000000000,3620.0,3625.0,3615.0,3623.0,974,40669,40640
2016-07-20 14:30:00.000000000,1468996200000000000,3623.0,3627.0,3605.0,3607.0,2567,40640,40560
2016-07-21 09:00:00.000000000,1469062800000000000,3605.0,3627.0,3588.0,3616.0,5003,40560,40973
2016-07-21 09:30:00.000000000,1469064600000000000,3616.0,3620.0,3610.0,3612.0,1446,40973,41388
2016-07-21 10:00:00.000000000,1469066400000000000,3612.0,3614.0,3601.0,3613.0,917,41388,41551
2016-07-21 10:30:00.000000000,1469068200000000000,3613.0,3620.0,3607.0,3619.0,1410,41551,41995
2016-07-21 11:00:00.000000000,1469070000000000000,3619.0,3620.0,3608.0,3614.0,1569,41995,42255
2016-07-21 13:30:00.000000000,1469079000000000000,3614.0,3625.0,3614.0,3618.0,1780,42255,42054
2016-07-21 14:00:00.000000000,1469080800000000000,3618.0,3639.0,3615.0,3632.0,2946,42054,41864
2016-07-21 14:30:00.000000000,1469082600000000000,3632.0,3636.0,3622.0,3627.0,2039,41864,41687
2016-07-22 09:00:00.000000000,1469149200000000000,3620.0,3644.0,3616.0,3623.0,5119,41687,43383
2016-07-22 09:30:00.000000000,1469151000000000000,3623.0,3630.0,3608.0,3612.0,2585,43383,44091
2016-07-22 10:00:00.000000000,1469152800000000000,3612.0,3613.0,3599.0,3601.0,2135,44091,44523
2016-07-22 10:30:00.000000000,1469154600000000000,3599.0,3600.0,3570.0,3590.0,4793,44523,45205
2016-07-22 11:00:00.000000000,1469156400000000000,3590.0,3590.0,3570.0,3583.0,2326,45205,45261
2016-07-22 13:30:00.000000000,1469165400000000000,3582.0,3584.0,3551.0,3559.0,4161,45261,46024
2016-07-22 14:00:00.000000000,1469167200000000000,3559.0,3563.0,3542.0,3548.0,4086,46024,46288
2016-07-22 14:30:00.000000000,1469169000000000000,3548.0,3557.0,3543.0,3551.0,3172,46288,45692
2016-07-25 09:00:00.000000000,1469408400000000000,3545.0,3570.0,3532.0,3554.0,7140,45692,46466
2016-07-25 09:30:00.000000000,1469410200000000000,3554.0,3555.0,3522.0,3533.0,4094,46466,47202
2016-07-25 10:00:00.000000000,1469412000000000000,3533.0,3539.0,3525.0,3534.0,907,47202,47209
2016-07-25 10:30:00.000000000,1469413800000000000,3533.0,3535.0,3514.0,3528.0,1970,47209,47482
2016-07-25 11:00:00.000000000,1469415600000000000,3528.0,3548.0,3526.0,3533.0,2034,47482,47521
2016-07-25 13:30:00.000000000,1469424600000000000,3533.0,3542.0,3528.0,3537.0,1077,47521,47533
2016-07-25 14:00:00.000000000,1469426400000000000,3537.0,3539.0,3528.0,3533.0,702,47533,47616
2016-07-25 14:30:00.000000000,1469428200000000000,3533.0,3538.0,3526.0,3533.0,1414,47616,47521
2016-07-26 09:00:00.000000000,1469494800000000000,3524.0,3545.0,3523.0,3531.0,4344,47521,48517
2016-07-26 09:30:00.000000000,1469496600000000000,3531.0,3539.0,3522.0,3537.0,1784,48517,48731
2016-07-26 10:00:00.000000000,1469498400000000000,3537.0,3542.0,3530.0,3533.0,1122,48731,49027
2016-07-26 10:30:00.000000000,1469500200000000000,3533.0,3535.0,3525.0,3529.0,1187,49027,49252
2016-07-26 11:00:00.000000000,1469502000000000000,3529.0,3534.0,3525.0,3527.0,768,49252,49248
2016-07-26 13:30:00.000000000,1469511000000000000,3527.0,3534.0,3524.0,3529.0,1439,49248,49507
2016-07-26 14:00:00.000000000,1469512800000000000,3529.0,3531.0,3523.0,3526.0,1230,49507,49846
2016-07-26 14:30:00.000000000,1469514600000000000,3526.0,3533.0,3523.0,3531.0,2240,49846,49505
2016-07-27 09:00:00.000000000,1469581200000000000,3542.0,3550.0,3532.0,3541.0,4983,49505,50919
2016-07-27 09:30:00.000000000,1469583000000000000,3541.0,3544.0,3528.0,3534.0,3057,50919,51802
2016-07-27 10:00:00.000000000,1469584800000000000,3534.0,3535.0,3530.0,3535.0,671,51802,51950
2016-07-27 10:30:00.000000000,1469586600000000000,3535.0,3538.0,3529.0,3529.0,1590,51950,52321
2016-07-27 11:00:00.000000000,1469588400000000000,3529.0,3529.0,3492.0,3495.0,6849,52321,53575
2016-07-27 13:30:00.000000000,1469597400000000000,3497.0,3498.0,3486.0,3492.0,3690,53575,53859
2016-07-27 14:00:00.000000000,1469599200000000000,3492.0,3504.0,3484.0,3490.0,2640,53859,54002
2016-07-27 14:30:00.000000000,1469601000000000000,3490.0,3499.0,3485.0,3495.0,3275,54002,53637
2016-07-28 09:00:00.000000000,1469667600000000000,3490.0,3506.0,3468.0,3475.0,7668,53637,55404
2016-07-28 09:30:00.000000000,1469669400000000000,3475.0,3488.0,3470.0,3483.0,2500,55404,55689
2016-07-28 10:00:00.000000000,1469671200000000000,3483.0,3490.0,3481.0,3489.0,1139,55689,55883
2016-07-28 10:30:00.000000000,1469673000000000000,3489.0,3502.0,3488.0,3494.0,3781,55883,55818
2016-07-28 11:00:00.000000000,1469674800000000000,3494.0,3496.0,3488.0,3492.0,1414,55818,56169
2016-07-28 13:30:00.000000000,1469683800000000000,3491.0,3501.0,3483.0,3487.0,3311,56169,56684
2016-07-28 14:00:00.000000000,1469685600000000000,3487.0,3494.0,3486.0,3488.0,1397,56684,56758
2016-07-28 14:30:00.000000000,1469687400000000000,3488.0,3495.0,3487.0,3491.0,2108,56758,56611
2016-07-29 09:00:00.000000000,1469754000000000000,3500.0,3521.0,3495.0,3513.0,8917,56611,57432
2016-07-29 09:30:00.000000000,1469755800000000000,3513.0,3520.0,3506.0,3508.0,2660,57432,57959
2016-07-29 10:00:00.000000000,1469757600000000000,3508.0,3516.0,3505.0,3513.0,1010,57959,58074
2016-07-29 10:30:00.000000000,1469759400000000000,3513.0,3519.0,3506.0,3516.0,2020,58074,58475
2016-07-29 11:00:00.000000000,1469761200000000000,3516.0,3518.0,3511.0,3514.0,1463,58475,58732
2016-07-29 13:30:00.000000000,1469770200000000000,3514.0,3515.0,3452.0,3462.0,10425,58732,60213
2016-07-29 14:00:00.000000000,1469772000000000000,3462.0,3464.0,3450.0,3457.0,4823,60213,61360
2016-07-29 14:30:00.000000000,1469773800000000000,3457.0,3460.0,3450.0,3456.0,4483,61360,61159
2016-08-01 09:00:00.000000000,1470013200000000000,3465.0,3469.0,3413.0,3428.0,14148,61159,66684
2016-08-01 09:30:00.000000000,1470015000000000000,3428.0,3440.0,3420.0,3439.0,5495,66684,68217
2016-08-01 10:00:00.000000000,1470016800000000000,3439.0,3443.0,3434.0,3441.0,1182,68217,68396
2016-08-01 10:30:00.000000000,1470018600000000000,3439.0,3443.0,3431.0,3434.0,2717,68396,69239
2016-08-01 11:00:00.000000000,1470020400000000000,3434.0,3439.0,3431.0,3439.0,1892,69239,69729
2016-08-01 13:30:00.000000000,1470029400000000000,3439.0,3448.0,3435.0,3437.0,3749,69729,70764
2016-08-01 14:00:00.000000000,1470031200000000000,3437.0,3445.0,3432.0,3436.0,2366,70764,71488
2016-08-01 14:30:00.000000000,1470033000000000000,3436.0,3439.0,3423.0,3433.0,6180,71488,71313
2016-08-02 09:00:00.000000000,1470099600000000000,3420.0,3445.0,3407.0,3442.0,10583,71313,74102
2016-08-02 09:30:00.000000000,1470101400000000000,3442.0,3460.0,3433.0,3450.0,7939,74102,74664
2016-08-02 10:00:00.000000000,1470103200000000000,3450.0,3460.0,3450.0,3453.0,2169,74664,74676
2016-08-02 10:30:00.000000000,1470105000000000000,3453.0,3459.0,3446.0,3450.0,2632,74676,74833
2016-08-02 11:00:00.000000000,1470106800000000000,3450.0,3451.0,3441.0,3448.0,2715,74833,74608
2016-08-02 13:30:00.000000000,1470115800000000000,3450.0,3451.0,3441.0,3449.0,3152,74608,75099
2016-08-02 14:00:00.000000000,1470117600000000000,3449.0,3457.0,3443.0,3451.0,3943,75099,75310
2016-08-02 14:30:00.000000000,1470119400000000000,3451.0,3455.0,3439.0,3442.0,5283,75310,75048
2016-08-03 09:00:00.000000000,1470186000000000000,3445.0,3468.0,3440.0,3458.0,11272,75048,77212
2016-08-03 09:30:00.000000000,1470187800000000000,3458.0,3464.0,3450.0,3452.0,3984,77212,78112
2016-08-03 10:00:00.000000000,1470189600000000000,3452.0,3457.0,3448.0,3453.0,1965,78112,78631
2016-08-03 10:30:00.000000000,1470191400000000000,3453.0,3456.0,3432.0,3441.0,7867,78631,79817
2016-08-03 11:00:00.000000000,1470193200000000000,3441.0,3450.0,3437.0,3448.0,4631,79817,79900
2016-08-03 13:30:00.000000000,1470202200000000000,3447.0,3450.0,3441.0,3445.0,2484,79900,79993
2016-08-03 14:00:00.000000000,1470204000000000000,3445.0,3449.0,3440.0,3444.0,2178,79993,79962
2016-08-03 14:30:00.000000000,1470205800000000000,3444.0,3466.0,3441.0,3444.0,9768,79962,78583
2016-08-04 09:00:00.000000000,1470272400000000000,3450.0,3480.0,3450.0,3469.0,13149,78583,78988
2016-08-04 09:30:00.000000000,1470274200000000000,3469.0,3480.0,3461.0,3473.0,6779,78988,79047
2016-08-04 10:00:00.000000000,1470276000000000000,3473.0,3485.0,3472.0,3481.0,4553,79047,79263
2016-08-04 10:30:00.000000000,1470277800000000000,3481.0,3496.0,3477.0,3492.0,8812,79263,78737
2016-08-04 11:00:00.000000000,1470279600000000000,3492.0,3496.0,3472.0,3477.0,9024,78737,78452
2016-08-04 13:30:00.000000000,1470288600000000000,3475.0,3480.0,3462.0,3475.0,8839,78452,79452
2016-08-04 14:00:00.000000000,1470290400000000000,3475.0,3490.0,3473.0,3489.0,6210,79452,79702
2016-08-04 14:30:00.000000000,1470292200000000000,3489.0,3493.0,3476.0,3482.0,8312,79702,78595
2016-08-05 09:00:00.000000000,1470358800000000000,3485.0,3526.0,3485.0,3509.0,16380,78595,79421
2016-08-05 09:30:00.000000000,1470360600000000000,3509.0,3514.0,3490.0,3497.0,7494,79421,80286
2016-08-05 10:00:00.000000000,1470362400000000000,3497.0,3502.0,3488.0,3491.0,2683,80286,80828
2016-08-05 10:30:00.000000000,1470364200000000000,3491.0,3496.0,3466.0,3473.0,7277,80828,82177
2016-08-05 11:00:00.000000000,1470366000000000000,3473.0,3487.0,3467.0,3481.0,4555,82177,82638
2016-08-05 13:30:00.000000000,1470375000000000000,3480.0,3491.0,3479.0,3489.0,3844,82638,82866
2016-08-05 14:00:00.000000000,1470376800000000000,3489.0,3489.0,3481.0,3481.0,1647,82866,82794
2016-08-05 14:30:00.000000000,1470378600000000000,3481.0,3488.0,3472.0,3482.0,6226,82794,82106
2016-08-08 09:00:00.000000000,1470618000000000000,3505.0,3516.0,3488.0,3498.0,16420,82106,85235
2016-08-08 09:30:00.000000000,1470619800000000000,3498.0,3500.0,3471.0,3484.0,11693,85235,88866
2016-08-08 10:00:00.000000000,1470621600000000000,3484.0,3491.0,3482.0,3489.0,2425,88866,88972
2016-08-08 10:30:00.000000000,1470623400000000000,3489.0,3495.0,3483.0,3485.0,4640,88972,89350
2016-08-08 11:00:00.000000000,1470625200000000000,3485.0,3491.0,3481.0,3490.0,2928,89350,89889
2016-08-08 13:30:00.000000000,1470634200000000000,3491.0,3497.0,3486.0,3487.0,5179,89889,90383
2016-08-08 14:00:00.000000000,1470636000000000000,3487.0,3489.0,3478.0,3480.0,4990,90383,91111
2016-08-08 14:30:00.000000000,1470637800000000000,3480.0,3481.0,3446.0,3456.0,18323,91111,93875
2016-08-09 09:00:00.000000000,1470704400000000000,3460.0,3479.0,3460.0,3470.0,14440,93875,96848
2016-08-09 09:30:00.000000000,1470706200000000000,3470.0,3474.0,3440.0,3443.0,8916,96848,98336
2016-08-09 10:00:00.000000000,1470708000000000000,3443.0,3458.0,3425.0,3452.0,7460,98336,98919
2016-08-09 10:30:00.000000000,1470709800000000000,3453.0,3460.0,3446.0,3456.0,4378,98919,99641
2016-08-09 11:00:00.000000000,1470711600000000000,3456.0,3464.0,3452.0,3462.0,3593,99641,99477
2016-08-09 13:30:00.000000000,1470720600000000000,3462.0,3474.0,3460.0,3470.0,6752,99477,99192
2016-08-09 14:00:00.000000000,1470722400000000000,3470.0,3472.0,3464.0,3470.0,4172,99192,99205
2016-08-09 14:30:00.000000000,1470724200000000000,3470.0,3485.0,3468.0,3471.0,12353,99205,97121
2016-08-10 09:00:00.000000000,1470790800000000000,3481.0,3505.0,3480.0,3505.0,20896,97121,99428
2016-08-10 09:30:00.000000000,1470792600000000000,3505.0,3510.0,3482.0,3486.0,12184,99428,100077
2016-08-10 10:00:00.000000000,1470794400000000000,3486.0,3494.0,3483.0,3487.0,4458,100077,100411
2016-08-10 10:30:00.000000000,1470796200000000000,3487.0,3496.0,3485.0,3487.0,6580,100411,100623
2016-08-10 11:00:00.000000000,1470798000000000000,3487.0,3491.0,3474.0,3483.0,9846,100623,101397
2016-08-10 13:30:00.000000000,1470807000000000000,3484.0,3489.0,3480.0,3484.0,5428,101397,102386
2016-08-10 14:00:00.000000000,1470808800000000000,3484.0,3488.0,3477.0,3486.0,4854,102386,102819
2016-08-10 14:30:00.000000000,1470810600000000000,3486.0,3492.0,3483.0,3487.0,7480,102819,101459
2016-08-11 09:00:00.000000000,1470877200000000000,3475.0,3489.0,3450.0,3478.0,14523,101459,103254
2016-08-11 09:30:00.000000000,1470879000000000000,3478.0,3489.0,3473.0,3488.0,6270,103254,103693
2016-08-11 10:00:00.000000000,1470880800000000000,3488.0,3493.0,3483.0,3489.0,6177,103693,104465
2016-08-11 10:30:00.000000000,1470882600000000000,3489.0,3499.0,3484.0,3486.0,11073,104465,104999
2016-08-11 11:00:00.000000000,1470884400000000000,3486.0,3493.0,3483.0,3486.0,4562,104999,104761
2016-08-11 13:30:00.000000000,1470893400000000000,3487.0,3489.0,3476.0,3481.0,5777,104761,104862
2016-08-11 14:00:00.000000000,1470895200000000000,3481.0,3482.0,3460.0,3460.0,11056,104862,106321
2016-08-11 14:30:00.000000000,1470897000000000000,3460.0,3467.0,3452.0,3453.0,14137,106321,106309
2016-08-12 09:00:00.000000000,1470963600000000000,3460.0,3469.0,3451.0,3456.0,13968,106309,109421
2016-08-12 09:30:00.000000000,1470965400000000000,3456.0,3456.0,3443.0,3449.0,11615,109421,111847
2016-08-12 10:00:00.000000000,1470967200000000000,3449.0,3453.0,3446.0,3448.0,2946,111847,111815
2016-08-12 10:30:00.000000000,1470969000000000000,3448.0,3453.0,3440.0,3442.0,7980,111815,114000
2016-08-12 11:00:00.000000000,1470970800000000000,3442.0,3442.0,3431.0,3437.0,10363,114000,116380
2016-08-12 13:30:00.000000000,1470979800000000000,3437.0,3448.0,3436.0,3442.0,5810,116380,116064
2016-08-12 14:00:00.000000000,1470981600000000000,3442.0,3445.0,3434.0,3435.0,5058,116064,116806
2016-08-12 14:30:00.000000000,1470983400000000000,3435.0,3447.0,3433.0,3436.0,11055,116806,115877
2016-08-15 09:00:00.000000000,1471222800000000000,3441.0,3477.0,3441.0,3473.0,25533,115877,115282
2016-08-15 09:30:00.000000000,1471224600000000000,3473.0,3477.0,3462.0,3474.0,10924,115282,114738
2016-08-15 10:00:00.000000000,1471226400000000000,3474.0,3477.0,3466.0,3470.0,3312,114738,114509
2016-08-15 10:30:00.000000000,1471228200000000000,3470.0,3485.0,3468.0,3481.0,9538,114509,114316
2016-08-15 11:00:00.000000000,1471230000000000000,3481.0,3485.0,3475.0,3481.0,8350,114316,113920
2016-08-15 13:30:00.000000000,1471239000000000000,3483.0,3495.0,3481.0,3485.0,11724,113920,113715
2016-08-15 14:00:00.000000000,1471240800000000000,3485.0,3491.0,3484.0,3485.0,5386,113715,113167
2016-08-15 14:30:00.000000000,1471242600000000000,3485.0,3488.0,3469.0,3478.0,11315,113167,111584
2016-08-16 09:00:00.000000000,1471309200000000000,3493.0,3509.0,3483.0,3501.0,26550,111584,113910
2016-08-16 09:30:00.000000000,1471311000000000000,3501.0,3505.0,3480.0,3487.0,11936,113910,114771
2016-08-16 10:00:00.000000000,1471312800000000000,3487.0,3493.0,3486.0,3486.0,3135,114771,115890
2016-08-16 10:30:00.000000000,1471314600000000000,3486.0,3493.0,3474.0,3482.0,6832,115890,116520
2016-08-16 11:00:00.000000000,1471316400000000000,3482.0,3492.0,3479.0,3488.0,4868,116520,116885
2016-08-16 13:30:00.000000000,1471325400000000000,3489.0,3515.0,3488.0,3498.0,19608,116885,116958
2016-08-16 14:00:00.000000000,1471327200000000000,3498.0,3499.0,3489.0,3494.0,7241,116958,116191
2016-08-16 14:30:00.000000000,1471329000000000000,3494.0,3500.0,3490.0,3493.0,7591,116191,114625
2016-08-17 09:00:00.000000000,1471395600000000000,3500.0,3550.0,3500.0,3543.0,42431,114625,117778
2016-08-17 09:30:00.000000000,1471397400000000000,3543.0,3555.0,3540.0,3543.0,14898,117778,117955
2016-08-17 10:00:00.000000000,1471399200000000000,3543.0,3550.0,3538.0,3543.0,4449,117955,117676
2016-08-17 10:30:00.000000000,1471401000000000000,3544.0,3560.0,3542.0,3560.0,8707,117676,117936
2016-08-17 11:00:00.000000000,1471402800000000000,3560.0,3565.0,3549.0,3554.0,9629,117936,116965
2016-08-17 13:30:00.000000000,1471411800000000000,3554.0,3558.0,3540.0,3545.0,9543,116965,115990
2016-08-17 14:00:00.000000000,1471413600000000000,3545.0,3553.0,3542.0,3548.0,6379,115990,115365
2016-08-17 14:30:00.000000000,1471415400000000000,3548.0,3553.0,3534.0,3540.0,13681,115365,111361
2016-08-18 09:00:00.000000000,1471482000000000000,3550.0,3562.0,3540.0,3548.0,21712,111361,114124
2016-08-18 09:30:00.000000000,1471483800000000000,3548.0,3549.0,3537.0,3540.0,9343,114124,114655
2016-08-18 10:00:00.000000000,1471485600000000000,3540.0,3545.0,3537.0,3540.0,2775,114655,114631
2016-08-18 10:30:00.000000000,1471487400000000000,3540.0,3547.0,3538.0,3544.0,4081,114631,115111
2016-08-18 11:00:00.000000000,1471489200000000000,3544.0,3550.0,3542.0,3544.0,3885,115111,114873
2016-08-18 13:30:00.000000000,1471498200000000000,3544.0,3544.0,3480.0,3496.0,36622,114873,115979
2016-08-18 14:00:00.000000000,1471500000000000000,3496.0,3509.0,3490.0,3501.0,10133,115979,116272
2016-08-18 14:30:00.000000000,1471501800000000000,3501.0,3513.0,3500.0,3507.0,9932,116272,114897
2016-08-19 09:00:00.000000000,1471568400000000000,3510.0,3521.0,3495.0,3502.0,15862,114897,117837
2016-08-19 09:30:00.000000000,1471570200000000000,3502.0,3508.0,3492.0,3497.0,8243,117837,119383
2016-08-19 10:00:00.000000000,1471572000000000000,3497.0,3498.0,3486.0,3497.0,5058,119383,120082
2016-08-19 10:30:00.000000000,1471573800000000000,3497.0,3499.0,3485.0,3494.0,6183,120082,120169
2016-08-19 11:00:00.000000000,1471575600000000000,3494.0,3498.0,3489.0,3495.0,3697,120169,120573
2016-08-19 13:30:00.000000000,1471584600000000000,3494.0,3504.0,3492.0,3497.0,5925,120573,120961
2016-08-19 14:00:00.000000000,1471586400000000000,3497.0,3498.0,3483.0,3488.0,7560,120961,120923
2016-08-19 14:30:00.000000000,1471588200000000000,3488.0,3492.0,3460.0,3473.0,17829,120923,119906
2016-08-22 09:00:00.000000000,1471827600000000000,3486.0,3513.0,3484.0,3507.0,23546,119906,118562
2016-08-22 09:30:00.000000000,1471829400000000000,3507.0,3520.0,3506.0,3508.0,10756,118562,119075
2016-08-22 10:00:00.000000000,1471831200000000000,3508.0,3514.0,3507.0,3513.0,2221,119075,119374
2016-08-22 10:30:00.000000000,1471833000000000000,3512.0,3516.0,3491.0,3496.0,8871,119374,119728
2016-08-22 11:00:00.000000000,1471834800000000000,3496.0,3500.0,3477.0,3487.0,10518,119728,119629
2016-08-22 13:30:00.000000000,1471843800000000000,3486.0,3493.0,3481.0,3484.0,6039,119629,120007
2016-08-22 14:00:00.000000000,1471845600000000000,3484.0,3488.0,3471.0,3474.0,7892,120007,120610
2016-08-22 14:30:00.000000000,1471847400000000000,3474.0,3478.0,3466.0,3475.0,10323,120610,119961
2016-08-23 09:00:00.000000000,1471914000000000000,3490.0,3500.0,3482.0,3485.0,13747,119961,122945
2016-08-23 09:30:00.000000000,1471915800000000000,3485.0,3495.0,3483.0,3489.0,7321,122945,123907
2016-08-23 10:00:00.000000000,1471917600000000000,3489.0,3492.0,3485.0,3488.0,1499,123907,124009
2016-08-23 10:30:00.000000000,1471919400000000000,3487.0,3490.0,3476.0,3483.0,5964,124009,124370
2016-08-23 11:00:00.000000000,1471921200000000000,3483.0,3484.0,3418.0,3435.0,24743,124370,127928
2016-08-23 13:30:00.000000000,1471930200000000000,3436.0,3436.0,3421.0,3430.0,18141,127928,132397
2016-08-23 14:00:00.000000000,1471932000000000000,3430.0,3430.0,3400.0,3409.0,24067,132397,137117
2016-08-23 14:30:00.000000000,1471933800000000000,3409.0,3410.0,3384.0,3395.0,31699,137117,138821
2016-08-24 09:00:00.000000000,1472000400000000000,3402.0,3407.0,3391.0,3394.0,19137,138821,142771
2016-08-24 09:30:00.000000000,1472002200000000000,3394.0,3394.0,3370.0,3388.0,17133,142771,144909
2016-08-24 10:00:00.000000000,1472004000000000000,3388.0,3392.0,3386.0,3388.0,2525,144909,145318
2016-08-24 10:30:00.000000000,1472005800000000000,3387.0,3390.0,3380.0,3388.0,5933,145318,145278
2016-08-24 11:00:00.000000000,1472007600000000000,3388.0,3403.0,3387.0,3395.0,11192,145278,144341
2016-08-24 13:30:00.000000000,1472016600000000000,3396.0,3400.0,3385.0,3389.0,6460,144341,144868
2016-08-24 14:00:00.000000000,1472018400000000000,3389.0,3394.0,3386.0,3389.0,3858,144868,145054
2016-08-24 14:30:00.000000000,1472020200000000000,3389.0,3395.0,3381.0,3382.0,8017,145054,144212
2016-08-25 09:00:00.000000000,1472086800000000000,3370.0,3405.0,3352.0,3385.0,29675,144212,146236
2016-08-25 09:30:00.000000000,1472088600000000000,3385.0,3386.0,3373.0,3375.0,12494,146236,147015
2016-08-25 10:00:00.000000000,1472090400000000000,3375.0,3381.0,3373.0,3378.0,3838,147015,146980
2016-08-25 10:30:00.000000000,1472092200000000000,3379.0,3379.0,3340.0,3350.0,20788,146980,146864
2016-08-25 11:00:00.000000000,1472094000000000000,3350.0,3358.0,3332.0,3353.0,13514,146864,147191
2016-08-25 13:30:00.000000000,1472103000000000000,3353.0,3364.0,3353.0,3359.0,6537,147191,147768
2016-08-25 14:00:00.000000000,1472104800000000000,3359.0,3394.0,3359.0,3385.0,19050,147768,145830
2016-08-25 14:30:00.000000000,1472106600000000000,3385.0,3389.0,3369.0,3377.0,12653,145830,144307
2016-08-26 09:00:00.000000000,1472173200000000000,3380.0,3392.0,3365.0,3371.0,17780,144307,147193
2016-08-26 09:30:00.000000000,1472175000000000000,3371.0,3376.0,3356.0,3370.0,7830,147193,148325
2016-08-26 10:00:00.000000000,1472176800000000000,3370.0,3372.0,3365.0,3372.0,2321,148325,148114
2016-08-26 10:30:00.000000000,1472178600000000000,3371.0,3380.0,3365.0,3368.0,6336,148114,147821
2016-08-26 11:00:00.000000000,1472180400000000000,3368.0,3378.0,3366.0,3370.0,3552,147821,147996
2016-08-26 13:30:00.000000000,1472189400000000000,3371.0,3374.0,3363.0,3363.0,3830,147996,148439
2016-08-26 14:00:00.000000000,1472191200000000000,3363.0,3373.0,3357.0,3367.0,5397,148439,148488
2016-08-26 14:30:00.000000000,1472193000000000000,3367.0,3369.0,3353.0,3355.0,13258,148488,146213
2016-08-29 09:00:00.000000000,1472432400000000000,3344.0,3388.0,3335.0,3385.0,29439,146213,148745
2016-08-29 09:30:00.000000000,1472434200000000000,3385.0,3388.0,3373.0,3377.0,10261,148745,148338
2016-08-29 10:00:00.000000000,1472436000000000000,3377.0,3381.0,3374.0,3376.0,2161,148338,148555
2016-08-29 10:30:00.000000000,1472437800000000000,3376.0,3380.0,3371.0,3376.0,4374,148555,148812
2016-08-29 11:00:00.000000000,1472439600000000000,3376.0,3380.0,3372.0,3374.0,3191,148812,148770
2016-08-29 13:30:00.000000000,1472448600000000000,3374.0,3376.0,3361.0,3366.0,9329,148770,149553
2016-08-29 14:00:00.000000000,1472450400000000000,3366.0,3369.0,3360.0,3368.0,4240,149553,149482
2016-08-29 14:30:00.000000000,1472452200000000000,3368.0,3375.0,3365.0,3371.0,9739,149482,147266
2016-08-30 09:00:00.000000000,1472518800000000000,3375.0,3393.0,3375.0,3382.0,16913,147266,147664
2016-08-30 09:30:00.000000000,1472520600000000000,3382.0,3385.0,3368.0,3372.0,8376,147664,147574
2016-08-30 10:00:00.000000000,1472522400000000000,3372.0,3375.0,3366.0,3373.0,2366,147574,147531
2016-08-30 10:30:00.000000000,1472524200000000000,3372.0,3378.0,3371.0,3376.0,2665,147531,147292
2016-08-30 11:00:00.000000000,1472526000000000000,3376.0,3384.0,3373.0,3381.0,4001,147292,147023
2016-08-30 13:30:00.000000000,1472535000000000000,3382.0,3382.0,3372.0,3374.0,4595,147023,146694
2016-08-30 14:00:00.000000000,1472536800000000000,3374.0,3380.0,3368.0,3372.0,4620,146694,146212
2016-08-30 14:30:00.000000000,1472538600000000000,3372.0,3374.0,3368.0,3372.0,5683,146212,144294
2016-08-31 09:00:00.000000000,1472605200000000000,3370.0,3399.0,3368.0,3386.0,22527,144294,146675
2016-08-31 09:30:00.000000000,1472607000000000000,3386.0,3389.0,3380.0,3384.0,6442,146675,147175
2016-08-31 10:00:00.000000000,1472608800000000000,3384.0,3384.0,3336.0,3345.0,22069,147175,147979
2016-08-31 10:30:00.000000000,1472610600000000000,3343.0,3357.0,3341.0,3352.0,8535,147979,147625
2016-08-31 11:00:00.000000000,1472612400000000000,3352.0,3355.0,3345.0,3348.0,5113,147625,148315
2016-08-31 13:30:00.000000000,1472621400000000000,3349.0,3351.0,3332.0,3349.0,9646,148315,148486
2016-08-31 14:00:00.000000000,1472623200000000000,3349.0,3349.0,3320.0,3339.0,15262,148486,148133
2016-08-31 14:30:00.000000000,1472625000000000000,3339.0,3350.0,3336.0,3348.0,8119,148133,145342
2016-09-01 09:00:00.000000000,1472691600000000000,3355.0,3368.0,3346.0,3350.0,13317,145342,145169
2016-09-01 09:30:00.000000000,1472693400000000000,3350.0,3355.0,3348.0,3354.0,3425,145169,145165
2016-09-01 10:00:00.000000000,1472695200000000000,3354.0,3355.0,3352.0,3353.0,1063,145165,145307
2016-09-01 10:30:00.000000000,1472697000000000000,3353.0,3354.0,3340.0,3344.0,5598,145307,146210
2016-09-01 11:00:00.000000000,1472698800000000000,3344.0,3364.0,3344.0,3363.0,7093,146210,145423
2016-09-01 13:30:00.000000000,1472707800000000000,3362.0,3365.0,3356.0,3361.0,5063,145423,144745
2016-09-01 14:00:00.000000000,1472709600000000000,3361.0,3374.0,3358.0,3372.0,8860,144745,142970
2016-09-01 14:30:00.000000000,1472711400000000000,3372.0,3374.0,3362.0,3370.0,6332,142970,141427
2016-09-02 09:00:00.000000000,1472778000000000000,3388.0,3424.0,3378.0,3400.0,30712,141427,140783
2016-09-02 09:30:00.000000000,1472779800000000000,3400.0,3403.0,3362.0,3380.0,17971,140783,142126
2016-09-02 10:00:00.000000000,1472781600000000000,3380.0,3390.0,3379.0,3381.0,5360,142126,141802
2016-09-02 10:30:00.000000000,1472783400000000000,3382.0,3389.0,3376.0,3381.0,4805,141802,141736
2016-09-02 11:00:00.000000000,1472785200000000000,3381.0,3388.0,3380.0,3381.0,3914,141736,141650
2016-09-02 13:30:00.000000000,1472794200000000000,3380.0,3385.0,3372.0,3378.0,5114,141650,141415
2016-09-02 14:00:00.000000000,1472796000000000000,3378.0,3382.0,3374.0,3376.0,3589,141415,140777
2016-09-02 14:30:00.000000000,1472797800000000000,3376.0,3385.0,3368.0,3385.0,9825,140777,138192
2016-09-05 09:00:00.000000000,1473037200000000000,3386.0,3396.0,3371.0,3373.0,17838,138192,141211
2016-09-05 09:30:00.000000000,1473039000000000000,3373.0,3375.0,3352.0,3362.0,12242,141211,141739
2016-09-05 10:00:00.000000000,1473040800000000000,3362.0,3363.0,3348.0,3358.0,4259,141739,142319
2016-09-05 10:30:00.000000000,1473042600000000000,3357.0,3365.0,3354.0,3360.0,4137,142319,142194
2016-09-05 11:00:00.000000000,1473044400000000000,3360.0,3368.0,3358.0,3363.0,3935,142194,142011
2016-09-05 13:30:00.000000000,1473053400000000000,3365.0,3366.0,3351.0,3354.0,5851,142011,142854
2016-09-05 14:00:00.000000000,1473055200000000000,3354.0,3356.0,3342.0,3345.0,10153,142854,143531
2016-09-05 14:30:00.000000000,1473057000000000000,3345.0,3355.0,3336.0,3355.0,13424,143531,141361
2016-09-06 09:00:00.000000000,1473123600000000000,3362.0,3365.0,3345.0,3352.0,12675,141361,142271
2016-09-06 09:30:00.000000000,1473125400000000000,3352.0,3362.0,3349.0,3360.0,6810,142271,142092
2016-09-06 10:00:00.000000000,1473127200000000000,3360.0,3362.0,3356.0,3357.0,2065,142092,142228
2016-09-06 10:30:00.000000000,1473129000000000000,3356.0,3360.0,3353.0,3358.0,2978,142228,142112
2016-09-06 11:00:00.000000000,1473130800000000000,3358.0,3375.0,3357.0,3370.0,11519,142112,141591
2016-09-06 13:30:00.000000000,1473139800000000000,3370.0,3374.0,3365.0,3372.0,5142,141591,141689
2016-09-06 14:00:00.000000000,1473141600000000000,3372.0,3380.0,3366.0,3372.0,5828,141689,141499
2016-09-06 14:30:00.000000000,1473143400000000000,3372.0,3380.0,3370.0,3378.0,9537,141499,139597
2016-09-07 09:00:00.000000000,1473210000000000000,3388.0,3394.0,3355.0,3369.0,19674,139597,141609
2016-09-07 09:30:00.000000000,1473211800000000000,3369.0,3381.0,3361.0,3374.0,8765,141609,141114
2016-09-07 10:00:00.000000000,1473213600000000000,3374.0,3377.0,3370.0,3374.0,1706,141114,141413
2016-09-07 10:30:00.000000000,1473215400000000000,3374.0,3381.0,3368.0,3376.0,6342,141413,141516
2016-09-07 11:00:00.000000000,1473217200000000000,3376.0,3377.0,3366.0,3375.0,4876,141516,141692
2016-09-07 13:30:00.000000000,1473226200000000000,3375.0,3392.0,3372.0,3391.0,10923,141692,141282
2016-09-07 14:00:00.000000000,1473228000000000000,3391.0,3411.0,3391.0,3410.0,27745,141282,138965
2016-09-07 14:30:00.000000000,1473229800000000000,3410.0,3415.0,3396.0,3400.0,19885,138965,133622
2016-09-08 09:00:00.000000000,1473296400000000000,3403.0,3435.0,3388.0,3432.0,36887,133622,134847
2016-09-08 09:30:00.000000000,1473298200000000000,3432.0,3448.0,3426.0,3435.0,17354,134847,134474
2016-09-08 10:00:00.000000000,1473300000000000000,3435.0,3441.0,3430.0,3433.0,5753,134474,134020
2016-09-08 10:30:00.000000000,1473301800000000000,3432.0,3437.0,3426.0,3431.0,6577,134020,132539
2016-09-08 11:00:00.000000000,1473303600000000000,3431.0,3442.0,3429.0,3439.0,5504,132539,132057
2016-09-08 13:30:00.000000000,1473312600000000000,3439.0,3445.0,3431.0,3432.0,8743,132057,130482
2016-09-08 14:00:00.000000000,1473314400000000000,3432.0,3437.0,3428.0,3432.0,5304,130482,129835
2016-09-08 14:30:00.000000000,1473316200000000000,3432.0,3442.0,3431.0,3438.0,11432,129835,126957
2016-09-09 09:00:00.000000000,1473382800000000000,3440.0,3445.0,3417.0,3428.0,18842,126957,126746
2016-09-09 09:30:00.000000000,1473384600000000000,3428.0,3431.0,3423.0,3424.0,5185,126746,127255
2016-09-09 10:00:00.000000000,1473386400000000000,3424.0,3429.0,3423.0,3423.0,1825,127255,127478
2016-09-09 10:30:00.000000000,1473388200000000000,3424.0,3427.0,3410.0,3412.0,7691,127478,127127
2016-09-09 11:00:00.000000000,1473390000000000000,3412.0,3415.0,3396.0,3407.0,19034,127127,128610
2016-09-09 13:30:00.000000000,1473399000000000000,3408.0,3409.0,3399.0,3404.0,7484,128610,129688
2016-09-09 14:00:00.000000000,1473400800000000000,3404.0,3408.0,3398.0,3405.0,5385,129688,129646
2016-09-09 14:30:00.000000000,1473402600000000000,3405.0,3408.0,3391.0,3407.0,13850,129646,126843
2016-09-12 09:00:00.000000000,1473642000000000000,3391.0,3392.0,3355.0,3365.0,27470,126843,128728
2016-09-12 09:30:00.000000000,1473643800000000000,3365.0,3368.0,3360.0,3366.0,5779,128728,128831
2016-09-12 10:00:00.000000000,1473645600000000000,3366.0,3377.0,3365.0,3367.0,5438,128831,128343
2016-09-12 10:30:00.000000000,1473647400000000000,3368.0,3369.0,3361.0,3361.0,4359,128343,128214
2016-09-12 11:00:00.000000000,1473649200000000000,3361.0,3363.0,3345.0,3354.0,11513,128214,127978
2016-09-12 13:30:00.000000000,1473658200000000000,3354.0,3360.0,3352.0,3355.0,4275,127978,127738
2016-09-12 14:00:00.000000000,1473660000000000000,3355.0,3360.0,3351.0,3359.0,3474,127738,127319
2016-09-12 14:30:00.000000000,1473661800000000000,3359.0,3364.0,3352.0,3358.0,8678,127319,124995
2016-09-13 09:00:00.000000000,1473728400000000000,3354.0,3378.0,3350.0,3372.0,17227,124995,126973
2016-09-13 09:30:00.000000000,1473730200000000000,3372.0,3375.0,3368.0,3371.0,4621,126973,128186
2016-09-13 10:00:00.000000000,1473732000000000000,3371.0,3376.0,3370.0,3373.0,1868,128186,128596
2016-09-13 10:30:00.000000000,1473733800000000000,3374.0,3374.0,3356.0,3356.0,6762,128596,128310
2016-09-13 11:00:00.000000000,1473735600000000000,3356.0,3364.0,3353.0,3359.0,5850,128310,128882
2016-09-13 13:30:00.000000000,1473744600000000000,3358.0,3370.0,3357.0,3363.0,7281,128882,129106
2016-09-13 14:00:00.000000000,1473746400000000000,3363.0,3367.0,3360.0,3362.0,3921,129106,128924
2016-09-13 14:30:00.000000000,1473748200000000000,3362.0,3365.0,3357.0,3362.0,7031,128924,127652
2016-09-14 09:00:00.000000000,1473814800000000000,3350.0,3386.0,3325.0,3373.0,25643,127652,127384
2016-09-14 09:30:00.000000000,1473816600000000000,3373.0,3382.0,3370.0,3375.0,7404,127384,126182
2016-09-14 10:00:00.000000000,1473818400000000000,3375.0,3380.0,3370.0,3371.0,2335,126182,125696
2016-09-14 10:30:00.000000000,1473820200000000000,3373.0,3373.0,3365.0,3367.0,4498,125696,125556
2016-09-14 11:00:00.000000000,1473822000000000000,3367.0,3380.0,3361.0,3378.0,7089,125556,125910
2016-09-14 13:30:00.000000000,1473831000000000000,3377.0,3380.0,3373.0,3373.0,3974,125910,125866
2016-09-14 14:00:00.000000000,1473832800000000000,3373.0,3377.0,3372.0,3373.0,3200,125866,125344
2016-09-14 14:30:00.000000000,1473834600000000000,3373.0,3375.0,3367.0,3374.0,8775,125344,120600
2016-09-19 09:00:00.000000000,1474246800000000000,3380.0,3430.0,3380.0,3412.0,27499,120600,120790
2016-09-19 09:30:00.000000000,1474248600000000000,3412.0,3418.0,3403.0,3409.0,7643,120790,120131
2016-09-19 10:00:00.000000000,1474250400000000000,3409.0,3416.0,3408.0,3410.0,2712,120131,120352
2016-09-19 10:30:00.000000000,1474252200000000000,3411.0,3420.0,3407.0,3419.0,6118,120352,120799
2016-09-19 11:00:00.000000000,1474254000000000000,3419.0,3427.0,3407.0,3413.0,8152,120799,120242
2016-09-19 13:30:00.000000000,1474263000000000000,3413.0,3419.0,3411.0,3415.0,3438,120242,120241
2016-09-19 14:00:00.000000000,1474264800000000000,3415.0,3420.0,3412.0,3417.0,3595,120241,120019
2016-09-19 14:30:00.000000000,1474266600000000000,3417.0,3428.0,3415.0,3420.0,14671,120019,117432
2016-09-20 09:00:00.000000000,1474333200000000000,3420.0,3421.0,3399.0,3406.0,15415,117432,118841
2016-09-20 09:30:00.000000000,1474335000000000000,3406.0,3418.0,3405.0,3413.0,6025,118841,119965
2016-09-20 10:00:00.000000000,1474336800000000000,3413.0,3416.0,3408.0,3408.0,2636,119965,119412
2016-09-20 10:30:00.000000000,1474338600000000000,3408.0,3416.0,3403.0,3408.0,4877,119412,119340
2016-09-20 11:00:00.000000000,1474340400000000000,3408.0,3413.0,3406.0,3412.0,2775,119340,119140
2016-09-20 13:30:00.000000000,1474349400000000000,3411.0,3415.0,3408.0,3415.0,4799,119140,118958
2016-09-20 14:00:00.000000000,1474351200000000000,3415.0,3438.0,3415.0,3424.0,18162,118958,120306
2016-09-20 14:30:00.000000000,1474353000000000000,3424.0,3431.0,3423.0,3427.0,8190,120306,117965
2016-09-21 09:00:00.000000000,1474419600000000000,3440.0,3460.0,3412.0,3416.0,22445,117965,118402
2016-09-21 09:30:00.000000000,1474421400000000000,3416.0,3419.0,3407.0,3415.0,8085,118402,119063
2016-09-21 10:00:00.000000000,1474423200000000000,3415.0,3420.0,3413.0,3417.0,2203,119063,118500
2016-09-21 10:30:00.000000000,1474425000000000000,3418.0,3418.0,3402.0,3406.0,7136,118500,119048
2016-09-21 11:00:00.000000000,1474426800000000000,3406.0,3411.0,3393.0,3398.0,7113,119048,118620
2016-09-21 13:30:00.000000000,1474435800000000000,3400.0,3400.0,3371.0,3383.0,16727,118620,118654
2016-09-21 14:00:00.000000000,1474437600000000000,3383.0,3386.0,3377.0,3380.0,6976,118654,118433
2016-09-21 14:30:00.000000000,1474439400000000000,3380.0,3393.0,3376.0,3388.0,10503,118433,115174
2016-09-22 09:00:00.000000000,1474506000000000000,3390.0,3396.0,3375.0,3394.0,14860,115174,116764
2016-09-22 09:30:00.000000000,1474507800000000000,3394.0,3398.0,3387.0,3394.0,6219,116764,116464
2016-09-22 10:00:00.000000000,1474509600000000000,3394.0,3405.0,3391.0,3404.0,3780,116464,116218
2016-09-22 10:30:00.000000000,1474511400000000000,3405.0,3416.0,3404.0,3406.0,11073,116218,116197
2016-09-22 11:00:00.000000000,1474513200000000000,3406.0,3420.0,3397.0,3402.0,10453,116197,115560
2016-09-22 13:30:00.000000000,1474522200000000000,3400.0,3405.0,3388.0,3388.0,6424,115560,114871
2016-09-22 14:00:00.000000000,1474524000000000000,3388.0,3395.0,3380.0,3388.0,6469,114871,114461
2016-09-22 14:30:00.000000000,1474525800000000000,3388.0,3406.0,3386.0,3405.0,7231,114461,112998
2016-09-23 09:00:00.000000000,1474592400000000000,3406.0,3412.0,3382.0,3387.0,13737,112998,115276
2016-09-23 09:30:00.000000000,1474594200000000000,3387.0,3389.0,3376.0,3381.0,6412,115276,115763
2016-09-23 10:00:00.000000000,1474596000000000000,3381.0,3384.0,3371.0,3382.0,5075,115763,115509
2016-09-23 10:30:00.000000000,1474597800000000000,3383.0,3384.0,3365.0,3371.0,10086,115509,115412
2016-09-23 11:00:00.000000000,1474599600000000000,3371.0,3371.0,3362.0,3367.0,6743,115412,115782
2016-09-23 13:30:00.000000000,1474608600000000000,3365.0,3374.0,3360.0,3372.0,7180,115782,115772
2016-09-23 14:00:00.000000000,1474610400000000000,3372.0,3374.0,3368.0,3372.0,2753,115772,115682
2016-09-23 14:30:00.000000000,1474612200000000000,3372.0,3381.0,3370.0,3376.0,7878,115682,112515
2016-09-26 09:00:00.000000000,1474851600000000000,3361.0,3370.0,3341.0,3353.0,21135,112515,116977
2016-09-26 09:30:00.000000000,1474853400000000000,3353.0,3368.0,3348.0,3356.0,8319,116977,116142
2016-09-26 10:00:00.000000000,1474855200000000000,3356.0,3357.0,3350.0,3351.0,1733,116142,116833
2016-09-26 10:30:00.000000000,1474857000000000000,3352.0,3354.0,3346.0,3349.0,3380,116833,117485
2016-09-26 11:00:00.000000000,1474858800000000000,3349.0,3354.0,3347.0,3352.0,2956,117485,117825
2016-09-26 13:30:00.000000000,1474867800000000000,3352.0,3358.0,3350.0,3356.0,3984,117825,117667
2016-09-26 14:00:00.000000000,1474869600000000000,3356.0,3356.0,3349.0,3351.0,3164,117667,117872
2016-09-26 14:30:00.000000000,1474871400000000000,3351.0,3354.0,3346.0,3349.0,6714,117872,116163
2016-09-27 09:00:00.000000000,1474938000000000000,3341.0,3364.0,3331.0,3362.0,18421,116163,118713
2016-09-27 09:30:00.000000000,1474939800000000000,3362.0,3363.0,3353.0,3354.0,5657,118713,118984
2016-09-27 10:00:00.000000000,1474941600000000000,3354.0,3358.0,3353.0,3357.0,1390,118984,118831
2016-09-27 10:30:00.000000000,1474943400000000000,3356.0,3358.0,3345.0,3347.0,5323,118831,120004
2016-09-27 11:00:00.000000000,1474945200000000000,3347.0,3347.0,3301.0,3303.0,35414,120004,124339
2016-09-27 13:30:00.000000000,1474954200000000000,3302.0,3302.0,3285.0,3291.0,19844,124339,126058
2016-09-27 14:00:00.000000000,1474956000000000000,3291.0,3294.0,3283.0,3290.0,9004,126058,125770
2016-09-27 14:30:00.000000000,1474957800000000000,3290.0,3293.0,3273.0,3275.0,19886,125770,123483
2016-09-28 09:00:00.000000000,1475024400000000000,3278.0,3281.0,3261.0,3264.0,15524,123483,126072
2016-09-28 09:30:00.000000000,1475026200000000000,3264.0,3271.0,3252.0,3257.0,8892,126072,126383
2016-09-28 10:00:00.000000000,1475028000000000000,3257.0,3262.0,3254.0,3258.0,2265,126383,126425
2016-09-28 10:30:00.000000000,1475029800000000000,3258.0,3261.0,3242.0,3251.0,11557,126425,126991
2016-09-28 11:00:00.000000000,1475031600000000000,3251.0,3257.0,3245.0,3246.0,5538,126991,126500
2016-09-28 13:30:00.000000000,1475040600000000000,3249.0,3260.0,3243.0,3260.0,7247,126500,124875
2016-09-28 14:00:00.000000000,1475042400000000000,3260.0,3265.0,3254.0,3257.0,6517,124875,122925
2016-09-28 14:30:00.000000000,1475044200000000000,3257.0,3260.0,3255.0,3259.0,4818,122925,120369
2016-09-29 09:00:00.000000000,1475110800000000000,3265.0,3287.0,3262.0,3278.0,17177,120369,119032
2016-09-29 09:30:00.000000000,1475112600000000000,3278.0,3282.0,3268.0,3275.0,6379,119032,118781
2016-09-29 10:00:00.000000000,1475114400000000000,3275.0,3279.0,3271.0,3272.0,2245,118781,119083
2016-09-29 10:30:00.000000000,1475116200000000000,3272.0,3272.0,3259.0,3263.0,5565,119083,119468
2016-09-29 11:00:00.000000000,1475118000000000000,3263.0,3268.0,3262.0,3263.0,2511,119468,119435
2016-09-29 13:30:00.000000000,1475127000000000000,3263.0,3269.0,3242.0,3242.0,10766,119435,120123
2016-09-29 14:00:00.000000000,1475128800000000000,3242.0,3248.0,3235.0,3238.0,8910,120123,120063
2016-09-29 14:30:00.000000000,1475130600000000000,3238.0,3250.0,3232.0,3246.0,10705,120063,117615
2016-09-30 09:00:00.000000000,1475197200000000000,3241.0,3258.0,3241.0,3256.0,6911,117615,117643
2016-09-30 09:30:00.000000000,1475199000000000000,3256.0,3268.0,3255.0,3262.0,9143,117643,117585
2016-09-30 10:00:00.000000000,1475200800000000000,3262.0,3267.0,3258.0,3265.0,2598,117585,117036
2016-09-30 10:30:00.000000000,1475202600000000000,3265.0,3277.0,3262.0,3265.0,5742,117036,116848
2016-09-30 11:00:00.000000000,1475204400000000000,3265.0,3266.0,3253.0,3257.0,3582,116848,116291
2016-09-30 13:30:00.000000000,1475213400000000000,3253.0,3258.0,3252.0,3255.0,2719,116291,116151
2016-09-30 14:00:00.000000000,1475215200000000000,3255.0,3265.0,3251.0,3262.0,4189,116151,115441
2016-09-30 14:30:00.000000000,1475217000000000000,3262.0,3271.0,3259.0,3271.0,8170,115441,112719
2016-10-10 09:00:00.000000000,1476061200000000000,3277.0,3292.0,3244.0,3274.0,19535,112719,112308
2016-10-10 09:30:00.000000000,1476063000000000000,3274.0,3288.0,3273.0,3283.0,7072,112308,111762
2016-10-10 10:00:00.000000000,1476064800000000000,3283.0,3299.0,3282.0,3290.0,6666,111762,111866
2016-10-10 10:30:00.000000000,1476066600000000000,3290.0,3311.0,3287.0,3293.0,8600,111866,111444
2016-10-10 11:00:00.000000000,1476068400000000000,3293.0,3301.0,3289.0,3294.0,5030,111444,110816
2016-10-10 13:30:00.000000000,1476077400000000000,3294.0,3296.0,3288.0,3290.0,3547,110816,110903
2016-10-10 14:00:00.000000000,1476079200000000000,3290.0,3294.0,3286.0,3292.0,2866,110903,110736
2016-10-10 14:30:00.000000000,1476081000000000000,3292.0,3297.0,3283.0,3291.0,6174,110736,109096
2016-10-11 09:00:00.000000000,1476147600000000000,3305.0,3325.0,3302.0,3319.0,20671,109096,108835
2016-10-11 09:30:00.000000000,1476149400000000000,3319.0,3322.0,3312.0,3321.0,6014,108835,108677
2016-10-11 10:00:00.000000000,1476151200000000000,3321.0,3333.0,3319.0,3324.0,7872,108677,107738
2016-10-11 10:30:00.000000000,1476153000000000000,3324.0,3328.0,3317.0,3319.0,4956,107738,106730
2016-10-11 11:00:00.000000000,1476154800000000000,3319.0,3324.0,3314.0,3314.0,4028,106730,106665
2016-10-11 13:30:00.000000000,1476163800000000000,3315.0,3319.0,3310.0,3311.0,3542,106665,106757
2016-10-11 14:00:00.000000000,1476165600000000000,3311.0,3311.0,3300.0,3309.0,8310,106757,106415
2016-10-11 14:30:00.000000000,1476167400000000000,3309.0,3325.0,3308.0,3322.0,7493,106415,104132
2016-10-12 09:00:00.000000000,1476234000000000000,3333.0,3356.0,3330.0,3332.0,18424,104132,101176
2016-10-12 09:30:00.000000000,1476235800000000000,3332.0,3337.0,3330.0,3333.0,4771,101176,100813
2016-10-12 10:00:00.000000000,1476237600000000000,3333.0,3340.0,3333.0,3336.0,1654,100813,100552
2016-10-12 10:30:00.000000000,1476239400000000000,3334.0,3346.0,3334.0,3343.0,6282,100552,100175
2016-10-12 11:00:00.000000000,1476241200000000000,3343.0,3389.0,3343.0,3386.0,27061,100175,98932
2016-10-12 13:30:00.000000000,1476250200000000000,3385.0,3398.0,3374.0,3384.0,16719,98932,96650
2016-10-12 14:00:00.000000000,1476252000000000000,3384.0,3395.0,3384.0,3393.0,7474,96650,96841
2016-10-12 14:30:00.000000000,1476253800000000000,3393.0,3405.0,3380.0,3386.0,16171,96841,92764
2016-10-13 09:00:00.000000000,1476320400000000000,3397.0,3420.0,3384.0,3414.0,23709,92764,92618
2016-10-13 09:30:00.000000000,1476322200000000000,3414.0,3416.0,3403.0,3410.0,6676,92618,91921
2016-10-13 10:00:00.000000000,1476324000000000000,3410.0,3415.0,3381.0,3391.0,6178,91921,91132
2016-10-13 10:30:00.000000000,1476325800000000000,3390.0,3394.0,3386.0,3392.0,4504,91132,90197
2016-10-13 11:00:00.000000000,1476327600000000000,3392.0,3400.0,3389.0,3389.0,3241,90197,90167
2016-10-13 13:30:00.000000000,1476336600000000000,3390.0,3390.0,3373.0,3382.0,9350,90167,89783
2016-10-13 14:00:00.000000000,1476338400000000000,3382.0,3393.0,3378.0,3389.0,5404,89783,89621
2016-10-13 14:30:00.000000000,1476340200000000000,3389.0,3410.0,3388.0,3408.0,11353,89621,89013
2016-10-14 09:00:00.000000000,1476406800000000000,3408.0,3414.0,3383.0,3390.0,12458,89013,90359
2016-10-14 09:30:00.000000000,1476408600000000000,3390.0,3392.0,3384.0,3387.0,3959,90359,90632
2016-10-14 10:00:00.000000000,1476410400000000000,3387.0,3390.0,3383.0,3385.0,1897,90632,90605
2016-10-14 10:30:00.000000000,1476412200000000000,3386.0,3401.0,3385.0,3388.0,4626,90605,90684
2016-10-14 11:00:00.000000000,1476414000000000000,3388.0,3395.0,3385.0,3391.0,3382,90684,90636
2016-10-14 13:30:00.000000000,1476423000000000000,3391.0,3394.0,3376.0,3389.0,5801,90636,90681
2016-10-14 14:00:00.000000000,1476424800000000000,3389.0,3405.0,3385.0,3403.0,6769,90681,90816
2016-10-14 14:30:00.000000000,1476426600000000000,3403.0,3430.0,3403.0,3420.0,17321,90816,88958
2016-10-17 09:00:00.000000000,1476666000000000000,3420.0,3435.0,3408.0,3419.0,15766,88958,90349
2016-10-17 09:30:00.000000000,1476667800000000000,3419.0,3426.0,3385.0,3390.0,11637,90349,89717
2016-10-17 10:00:00.000000000,1476669600000000000,3390.0,3398.0,3382.0,3395.0,3312,89717,89261
2016-10-17 10:30:00.000000000,1476671400000000000,3395.0,3410.0,3390.0,3404.0,5883,89261,89897
2016-10-17 11:00:00.000000000,1476673200000000000,3404.0,3424.0,3402.0,3415.0,8433,89897,90420
2016-10-17 13:30:00.000000000,1476682200000000000,3415.0,3421.0,3410.0,3420.0,3395,90420,90723
2016-10-17 14:00:00.000000000,1476684000000000000,3420.0,3425.0,3412.0,3417.0,3567,90723,90498
2016-10-17 14:30:00.000000000,1476685800000000000,3417.0,3430.0,3405.0,3429.0,9040,90498,89319
2016-10-18 09:00:00.000000000,1476752400000000000,3430.0,3446.0,3411.0,3416.0,14916,89319,90397
2016-10-18 09:30:00.000000000,1476754200000000000,3416.0,3419.0,3410.0,3417.0,3894,90397,90731
2016-10-18 10:00:00.000000000,1476756000000000000,3417.0,3417.0,3401.0,3408.0,4192,90731,90675
2016-10-18 10:30:00.000000000,1476757800000000000,3408.0,3420.0,3408.0,3416.0,3918,90675,91276
2016-10-18 11:00:00.000000000,1476759600000000000,3416.0,3510.0,3415.0,3508.0,41596,91276,98663
2016-10-18 13:30:00.000000000,1476768600000000000,3510.0,3546.0,3510.0,3528.0,38958,98663,98252
2016-10-18 14:00:00.000000000,1476770400000000000,3528.0,3548.0,3525.0,3544.0,16390,98252,97208
2016-10-18 14:30:00.000000000,1476772200000000000,3544.0,3567.0,3540.0,3552.0,26378,97208,92390
2016-10-19 09:00:00.000000000,1476838800000000000,3559.0,3570.0,3525.0,3542.0,19514,92390,91089
2016-10-19 09:30:00.000000000,1476840600000000000,3542.0,3551.0,3532.0,3542.0,5985,91089,91440
2016-10-19 10:00:00.000000000,1476842400000000000,3542.0,3548.0,3540.0,3542.0,1870,91440,91139
2016-10-19 10:30:00.000000000,1476844200000000000,3542.0,3553.0,3541.0,3548.0,4923,91139,91570
2016-10-19 11:00:00.000000000,1476846000000000000,3548.0,3549.0,3515.0,3520.0,12103,91570,89313
2016-10-19 13:30:00.000000000,1476855000000000000,3520.0,3521.0,3496.0,3511.0,16498,89313,88109
2016-10-19 14:00:00.000000000,1476856800000000000,3511.0,3525.0,3500.0,3524.0,7473,88109,86886
2016-10-19 14:30:00.000000000,1476858600000000000,3524.0,3532.0,3513.0,3520.0,9213,86886,85424
2016-10-20 09:00:00.000000000,1476925200000000000,3545.0,3643.0,3533.0,3629.0,46682,85424,90166
2016-10-20 09:30:00.000000000,1476927000000000000,3629.0,3633.0,3602.0,3618.0,14541,90166,89984
2016-10-20 10:00:00.000000000,1476928800000000000,3618.0,3624.0,3589.0,3610.0,8043,89984,88780
2016-10-20 10:30:00.000000000,1476930600000000000,3613.0,3618.0,3607.0,3615.0,4616,88780,89125
2016-10-20 11:00:00.000000000,1476932400000000000,3615.0,3620.0,3606.0,3615.0,4498,89125,88735
2016-10-20 13:30:00.000000000,1476941400000000000,3616.0,3617.0,3603.0,3610.0,5597,88735,88086
2016-10-20 14:00:00.000000000,1476943200000000000,3610.0,3612.0,3585.0,3596.0,9691,88086,87172
2016-10-20 14:30:00.000000000,1476945000000000000,3596.0,3606.0,3583.0,3594.0,8275,87172,85119
2016-10-21 09:00:00.000000000,1477011600000000000,3589.0,3593.0,3552.0,3556.0,18091,85119,84188
2016-10-21 09:30:00.000000000,1477013400000000000,3556.0,3557.0,3512.0,3536.0,17650,84188,80776
2016-10-21 10:00:00.000000000,1477015200000000000,3536.0,3546.0,3535.0,3545.0,1777,80776,80614
2016-10-21 10:30:00.000000000,1477017000000000000,3545.0,3574.0,3540.0,3557.0,8943,80614,81389
2016-10-21 11:00:00.000000000,1477018800000000000,3557.0,3562.0,3534.0,3542.0,6341,81389,80330
2016-10-21 13:30:00.000000000,1477027800000000000,3541.0,3567.0,3534.0,3560.0,5694,80330,80183
2016-10-21 14:00:00.000000000,1477029600000000000,3560.0,3572.0,3555.0,3567.0,4550,80183,79497
2016-10-21 14:30:00.000000000,1477031400000000000,3567.0,3569.0,3540.0,3559.0,7342,79497,77690
2016-10-24 09:00:00.000000000,1477270800000000000,3589.0,3599.0,3566.0,3578.0,12221,77690,79325
2016-10-24 09:30:00.000000000,1477272600000000000,3578.0,3630.0,3577.0,3618.0,14341,79325,81992
2016-10-24 10:00:00.000000000,1477274400000000000,3618.0,3621.0,3603.0,3610.0,3957,81992,81429
2016-10-24 10:30:00.000000000,1477276200000000000,3610.0,3624.0,3607.0,3620.0,5713,81429,82634
2016-10-24 11:00:00.000000000,1477278000000000000,3620.0,3632.0,3611.0,3616.0,7724,82634,83222
2016-10-24 13:30:00.000000000,1477287000000000000,3617.0,3623.0,3615.0,3621.0,2672,83222,83117
2016-10-24 14:00:00.000000000,1477288800000000000,3621.0,3626.0,3610.0,3617.0,4041,83117,82599
2016-10-24 14:30:00.000000000,1477290600000000000,3617.0,3618.0,3606.0,3608.0,7034,82599,80100
2016-10-25 09:00:00.000000000,1477357200000000000,3617.0,3667.0,3590.0,3598.0,22472,80100,79220
2016-10-25 09:30:00.000000000,1477359000000000000,3598.0,3600.0,3557.0,3573.0,18196,79220,78241
2016-10-25 10:00:00.000000000,1477360800000000000,3573.0,3579.0,3563.0,3564.0,3048,78241,78163
2016-10-25 10:30:00.000000000,1477362600000000000,3563.0,3575.0,3542.0,3554.0,10511,78163,78857
2016-10-25 11:00:00.000000000,1477364400000000000,3554.0,3555.0,3524.0,3537.0,13760,78857,78960
2016-10-25 13:30:00.000000000,1477373400000000000,3537.0,3555.0,3533.0,3546.0,8641,78960,78492
2016-10-25 14:00:00.000000000,1477375200000000000,3546.0,3550.0,3530.0,3536.0,5634,78492,78778
2016-10-25 14:30:00.000000000,1477377000000000000,3536.0,3537.0,3518.0,3528.0,10591,78778,76031
2016-10-26 09:00:00.000000000,1477443600000000000,3516.0,3547.0,3506.0,3542.0,15500,76031,74962
2016-10-26 09:30:00.000000000,1477445400000000000,3542.0,3557.0,3535.0,3554.0,7025,74962,75732
2016-10-26 10:00:00.000000000,1477447200000000000,3554.0,3566.0,3553.0,3565.0,4462,75732,76018
2016-10-26 10:30:00.000000000,1477449000000000000,3565.0,3586.0,3555.0,3556.0,16739,76018,77196
2016-10-26 11:00:00.000000000,1477450800000000000,3556.0,3579.0,3555.0,3561.0,6983,77196,77314
2016-10-26 13:30:00.000000000,1477459800000000000,3561.0,3576.0,3555.0,3568.0,5885,77314,77444
2016-10-26 14:00:00.000000000,1477461600000000000,3568.0,3575.0,3565.0,3568.0,3894,77444,77653
2016-10-26 14:30:00.000000000,1477463400000000000,3568.0,3586.0,3561.0,3586.0,8688,77653,75692
2016-10-27 09:00:00.000000000,1477530000000000000,3598.0,3615.0,3566.0,3575.0,23300,75692,76508
2016-10-27 09:30:00.000000000,1477531800000000000,3575.0,3586.0,3555.0,3557.0,7011,76508,76382
2016-10-27 10:00:00.000000000,1477533600000000000,3557.0,3563.0,3541.0,3562.0,8205,76382,75924
2016-10-27 10:30:00.000000000,1477535400000000000,3563.0,3569.0,3555.0,3557.0,4777,75924,75615
2016-10-27 11:00:00.000000000,1477537200000000000,3557.0,3579.0,3535.0,3570.0,12635,75615,74224
2016-10-27 13:30:00.000000000,1477546200000000000,3571.0,3590.0,3570.0,3583.0,7852,74224,75524
2016-10-27 14:00:00.000000000,1477548000000000000,3583.0,3586.0,3570.0,3573.0,5715,75524,76095
2016-10-27 14:30:00.000000000,1477549800000000000,3573.0,3579.0,3544.0,3545.0,11274,76095,72531
2016-10-28 09:00:00.000000000,1477616400000000000,3556.0,3600.0,3546.0,3599.0,15928,72531,74621
2016-10-28 09:30:00.000000000,1477618200000000000,3599.0,3612.0,3588.0,3609.0,14905,74621,75704
2016-10-28 10:00:00.000000000,1477620000000000000,3609.0,3612.0,3598.0,3606.0,3759,75704,76135
2016-10-28 10:30:00.000000000,1477621800000000000,3607.0,3627.0,3604.0,3614.0,14940,76135,77397
2016-10-28 11:00:00.000000000,1477623600000000000,3614.0,3650.0,3614.0,3649.0,14502,77397,79954
2016-10-28 13:30:00.000000000,1477632600000000000,3648.0,3666.0,3615.0,3617.0,19183,79954,78662
2016-10-28 14:00:00.000000000,1477634400000000000,3617.0,3624.0,3604.0,3622.0,9439,78662,77030
2016-10-28 14:30:00.000000000,1477636200000000000,3622.0,3623.0,3612.0,3623.0,6121,77030,74473
2016-10-31 09:00:00.000000000,1477875600000000000,3614.0,3640.0,3584.0,3605.0,19134,74473,73760
2016-10-31 09:30:00.000000000,1477877400000000000,3605.0,3607.0,3580.0,3590.0,9036,73760,73459
2016-10-31 10:00:00.000000000,1477879200000000000,3590.0,3599.0,3585.0,3595.0,1727,73459,73542
2016-10-31 10:30:00.000000000,1477881000000000000,3597.0,3597.0,3573.0,3590.0,7291,73542,73344
2016-10-31 11:00:00.000000000,1477882800000000000,3590.0,3592.0,3569.0,3571.0,7813,73344,73720
2016-10-31 13:30:00.000000000,1477891800000000000,3571.0,3586.0,3565.0,3583.0,6527,73720,73594
2016-10-31 14:00:00.000000000,1477893600000000000,3583.0,3600.0,3579.0,3596.0,5478,73594,72970
2016-10-31 14:30:00.000000000,1477895400000000000,3596.0,3603.0,3581.0,3586.0,8059,72970,70895
2016-11-01 09:00:00.000000000,1477962000000000000,3571.0,3615.0,3558.0,3611.0,13884,70895,72371
2016-11-01 09:30:00.000000000,1477963800000000000,3611.0,3625.0,3591.0,3594.0,12732,72371,72915
2016-11-01 10:00:00.000000000,1477965600000000000,3594.0,3602.0,3579.0,3602.0,4343,72915,72443
2016-11-01 10:30:00.000000000,1477967400000000000,3601.0,3608.0,3596.0,3606.0,4873,72443,71881
2016-11-01 11:00:00.000000000,1477969200000000000,3606.0,3611.0,3590.0,3597.0,4501,71881,71170
2016-11-01 13:30:00.000000000,1477978200000000000,3597.0,3609.0,3597.0,3606.0,3644,71170,71374
2016-11-01 14:00:00.000000000,1477980000000000000,3606.0,3612.0,3580.0,3580.0,6963,71374,70767
2016-11-01 14:30:00.000000000,1477981800000000000,3580.0,3582.0,3522.0,3549.0,24453,70767,68176
2016-11-02 09:00:00.000000000,1478048400000000000,3532.0,3548.0,3516.0,3529.0,13070,68176,69573
2016-11-02 09:30:00.000000000,1478050200000000000,3529.0,3529.0,3501.0,3516.0,16299,69573,69110
2016-11-02 10:00:00.000000000,1478052000000000000,3516.0,3521.0,3508.0,3517.0,2934,69110,69079
2016-11-02 10:30:00.000000000,1478053800000000000,3517.0,3520.0,3464.0,3465.0,22196,69079,68713
2016-11-02 11:00:00.000000000,1478055600000000000,3465.0,3484.0,3448.0,3482.0,18963,68713,67221
2016-11-02 13:30:00.000000000,1478064600000000000,3482.0,3487.0,3465.0,3467.0,4417,67221,67358
2016-11-02 14:00:00.000000000,1478066400000000000,3467.0,3483.0,3465.0,3474.0,4531,67358,67319
2016-11-02 14:30:00.000000000,1478068200000000000,3474.0,3475.0,3455.0,3456.0,7584,67319,65198
2016-11-03 09:00:00.000000000,1478134800000000000,3461.0,3480.0,3452.0,3478.0,9462,65198,65296
2016-11-03 09:30:00.000000000,1478136600000000000,3478.0,3488.0,3466.0,3471.0,7389,65296,65897
2016-11-03 10:00:00.000000000,1478138400000000000,3471.0,3472.0,3457.0,3464.0,2736,65897,66204
2016-11-03 10:30:00.000000000,1478140200000000000,3463.0,3475.0,3460.0,3469.0,3534,66204,65746
2016-11-03 11:00:00.000000000,1478142000000000000,3469.0,3475.0,3463.0,3465.0,2586,65746,65396
2016-11-03 13:30:00.000000000,1478151000000000000,3467.0,3472.0,3440.0,3462.0,8423,65396,65811
2016-11-03 14:00:00.000000000,1478152800000000000,3462.0,3473.0,3458.0,3467.0,4439,65811,65621
2016-11-03 14:30:00.000000000,1478154600000000000,3467.0,3478.0,3466.0,3477.0,5759,65621,64124
2016-11-04 09:00:00.000000000,1478221200000000000,3488.0,3518.0,3471.0,3476.0,23551,64124,64005
2016-11-04 09:30:00.000000000,1478223000000000000,3476.0,3488.0,3456.0,3483.0,9804,64005,64549
2016-11-04 10:00:00.000000000,1478224800000000000,3483.0,3487.0,3470.0,3477.0,2288,64549,64668
2016-11-04 10:30:00.000000000,1478226600000000000,3478.0,3479.0,3460.0,3469.0,5599,64668,65284
2016-11-04 11:00:00.000000000,1478228400000000000,3469.0,3470.0,3450.0,3457.0,7195,65284,65577
2016-11-04 13:30:00.000000000,1478237400000000000,3462.0,3486.0,3442.0,3473.0,9449,65577,66045
2016-11-04 14:00:00.000000000,1478239200000000000,3473.0,3499.0,3473.0,3487.0,7131,66045,64966
2016-11-04 14:30:00.000000000,1478241000000000000,3487.0,3492.0,3460.0,3476.0,8119,64966,62417
2016-11-07 09:00:00.000000000,1478480400000000000,3490.0,3595.0,3488.0,3594.0,37158,62417,63013
2016-11-07 09:30:00.000000000,1478482200000000000,3594.0,3633.0,3573.0,3630.0,17940,63013,63334
2016-11-07 10:00:00.000000000,1478484000000000000,3630.0,3649.0,3614.0,3624.0,13782,63334,62501
2016-11-07 10:30:00.000000000,1478485800000000000,3628.0,3639.0,3618.0,3639.0,7113,62501,63113
2016-11-07 11:00:00.000000000,1478487600000000000,3639.0,3654.0,3634.0,3649.0,11250,63113,63013
2016-11-07 13:30:00.000000000,1478496600000000000,3649.0,3655.0,3632.0,3637.0,7041,63013,62052
2016-11-07 14:00:00.000000000,1478498400000000000,3637.0,3649.0,3630.0,3639.0,4957,62052,61713
2016-11-07 14:30:00.000000000,1478500200000000000,3639.0,3648.0,3628.0,3640.0,7344,61713,60208
2016-11-08 09:00:00.000000000,1478566800000000000,3656.0,3715.0,3651.0,3683.0,33294,60208,63104
2016-11-08 09:30:00.000000000,1478568600000000000,3683.0,3690.0,3636.0,3650.0,14597,63104,61220
2016-11-08 10:00:00.000000000,1478570400000000000,3650.0,3663.0,3642.0,3661.0,2836,61220,61101
2016-11-08 10:30:00.000000000,1478572200000000000,3661.0,3687.0,3661.0,3683.0,7721,61101,61115
2016-11-08 11:00:00.000000000,1478574000000000000,3683.0,3725.0,3682.0,3716.0,16030,61115,63968
2016-11-08 13:30:00.000000000,1478583000000000000,3708.0,3724.0,3672.0,3682.0,14208,63968,61673
2016-11-08 14:00:00.000000000,1478584800000000000,3682.0,3700.0,3680.0,3696.0,4690,61673,62230
2016-11-08 14:30:00.000000000,1478586600000000000,3696.0,3722.0,3690.0,3697.0,10806,62230,61423
2016-11-09 09:00:00.000000000,1478653200000000000,3713.0,3732.0,3678.0,3702.0,17320,61423,61953
2016-11-09 09:30:00.000000000,1478655000000000000,3702.0,3702.0,3672.0,3687.0,8438,61953,61855
2016-11-09 10:00:00.000000000,1478656800000000000,3687.0,3688.0,3662.0,3670.0,4511,61855,61442
2016-11-09 10:30:00.000000000,1478658600000000000,3670.0,3681.0,3651.0,3675.0,8472,61442,60352
2016-11-09 11:00:00.000000000,1478660400000000000,3675.0,3676.0,3655.0,3661.0,5690,60352,59469
2016-11-09 13:30:00.000000000,1478669400000000000,3661.0,3701.0,3656.0,3695.0,8755,59469,59712
2016-11-09 14:00:00.000000000,1478671200000000000,3695.0,3705.0,3688.0,3695.0,4778,59712,59591
2016-11-09 14:30:00.000000000,1478673000000000000,3695.0,3708.0,3675.0,3698.0,8888,59591,58648
2016-11-10 09:00:00.000000000,1478739600000000000,3730.0,3744.0,3663.0,3708.0,21413,58648,59900
2016-11-10 09:30:00.000000000,1478741400000000000,3708.0,3718.0,3691.0,3710.0,6891,59900,60165
2016-11-10 10:00:00.000000000,1478743200000000000,3710.0,3723.0,3702.0,3718.0,2788,60165,60751
2016-11-10 10:30:00.000000000,1478745000000000000,3718.0,3815.0,3717.0,3815.0,31717,60751,66402
2016-11-10 11:00:00.000000000,1478746800000000000,3815.0,3836.0,3795.0,3829.0,22043,66402,67125
2016-11-10 13:30:00.000000000,1478755800000000000,3828.0,3847.0,3819.0,3826.0,11832,67125,67002
2016-11-10 14:00:00.000000000,1478757600000000000,3826.0,3865.0,3826.0,3852.0,11824,67002,66367
2016-11-10 14:30:00.000000000,1478759400000000000,3852.0,3869.0,3841.0,3846.0,15388,66367,62862
2016-11-11 09:00:00.000000000,1478826000000000000,3848.0,3879.0,3835.0,3855.0,15307,62862,62414
2016-11-11 09:30:00.000000000,1478827800000000000,3855.0,3855.0,3805.0,3816.0,17245,62414,59907
2016-11-11 10:00:00.000000000,1478829600000000000,3816.0,3816.0,3786.0,3807.0,7290,59907,58877
2016-11-11 10:30:00.000000000,1478831400000000000,3807.0,3821.0,3794.0,3806.0,6489,58877,58714
2016-11-11 11:00:00.000000000,1478833200000000000,3806.0,3823.0,3792.0,3801.0,7696,58714,57980
2016-11-11 13:30:00.000000000,1478842200000000000,3801.0,3846.0,3794.0,3800.0,15635,57980,58398
2016-11-11 14:00:00.000000000,1478844000000000000,3800.0,3819.0,3794.0,3811.0,6543,58398,57972
2016-11-11 14:30:00.000000000,1478845800000000000,3811.0,3821.0,3780.0,3819.0,11662,57972,55913
2016-11-14 09:00:00.000000000,1479085200000000000,3650.0,3729.0,3631.0,3719.0,35480,55913,52455
2016-11-14 09:30:00.000000000,1479087000000000000,3719.0,3787.0,3706.0,3783.0,15235,52455,54080
2016-11-14 10:00:00.000000000,1479088800000000000,3783.0,3785.0,3761.0,3779.0,3857,54080,53984
2016-11-14 10:30:00.000000000,1479090600000000000,3779.0,3797.0,3723.0,3746.0,13088,53984,52857
2016-11-14 11:00:00.000000000,1479092400000000000,3746.0,3758.0,3721.0,3733.0,7287,52857,52726
2016-11-14 13:30:00.000000000,1479101400000000000,3726.0,3738.0,3652.0,3669.0,19570,52726,50605
2016-11-14 14:00:00.000000000,1479103200000000000,3669.0,3679.0,3653.0,3672.0,7002,50605,49704
2016-11-14 14:30:00.000000000,1479105000000000000,3672.0,3688.0,3670.0,3682.0,7252,49704,47581
2016-11-15 09:00:00.000000000,1479171600000000000,3682.0,3758.0,3675.0,3738.0,18304,47581,50660
2016-11-15 09:30:00.000000000,1479173400000000000,3738.0,3775.0,3730.0,3771.0,7832,50660,51723
2016-11-15 10:00:00.000000000,1479175200000000000,3771.0,3780.0,3753.0,3772.0,6853,51723,51991
2016-11-15 10:30:00.000000000,1479177000000000000,3771.0,3778.0,3740.0,3750.0,8054,51991,51747
2016-11-15 11:00:00.000000000,1479178800000000000,3750.0,3762.0,3723.0,3728.0,8917,51747,50765
2016-11-15 13:30:00.000000000,1479187800000000000,3728.0,3728.0,3670.0,3714.0,15663,50765,49249
2016-11-15 14:00:00.000000000,1479189600000000000,3714.0,3714.0,3687.0,3707.0,8008,49249,48956
2016-11-15 14:30:00.000000000,1479191400000000000,3707.0,3715.0,3689.0,3709.0,6842,48956,47498
2016-11-16 09:00:00.000000000,1479258000000000000,3726.0,3738.0,3683.0,3696.0,16405,47498,50002
2016-11-16 09:30:00.000000000,1479259800000000000,3696.0,3699.0,3675.0,3692.0,8281,50002,50955
2016-11-16 10:00:00.000000000,1479261600000000000,3692.0,3709.0,3688.0,3705.0,3209,50955,51082
2016-11-16 10:30:00.000000000,1479263400000000000,3706.0,3714.0,3694.0,3707.0,5403,51082,51406
2016-11-16 11:00:00.000000000,1479265200000000000,3707.0,3709.0,3684.0,3687.0,5651,51406,50671
2016-11-16 13:30:00.000000000,1479274200000000000,3681.0,3689.0,3643.0,3689.0,14854,50671,50934
2016-11-16 14:00:00.000000000,1479276000000000000,3689.0,3692.0,3670.0,3674.0,5171,50934,50974
2016-11-16 14:30:00.000000000,1479277800000000000,3674.0,3684.0,3666.0,3673.0,8428,50974,49470
2016-11-17 09:00:00.000000000,1479344400000000000,3662.0,3674.0,3620.0,3628.0,19067,49470,51079
2016-11-17 09:30:00.000000000,1479346200000000000,3628.0,3633.0,3613.0,3616.0,10286,51079,51596
2016-11-17 10:00:00.000000000,1479348000000000000,3616.0,3624.0,3609.0,3618.0,5269,51596,51258
2016-11-17 10:30:00.000000000,1479349800000000000,3620.0,3620.0,3590.0,3603.0,13052,51258,51623
2016-11-17 11:00:00.000000000,1479351600000000000,3603.0,3618.0,3596.0,3606.0,5334,51623,51478
2016-11-17 13:30:00.000000000,1479360600000000000,3605.0,3629.0,3591.0,3614.0,10448,51478,51321
2016-11-17 14:00:00.000000000,1479362400000000000,3614.0,3628.0,3613.0,3617.0,5322,51321,50816
2016-11-17 14:30:00.000000000,1479364200000000000,3617.0,3619.0,3603.0,3604.0,7703,50816,49254
2016-11-18 09:00:00.000000000,1479430800000000000,3620.0,3648.0,3606.0,3638.0,19701,49254,50574
2016-11-18 09:30:00.000000000,1479432600000000000,3638.0,3662.0,3630.0,3640.0,11026,50574,50474
2016-11-18 10:00:00.000000000,1479434400000000000,3640.0,3646.0,3638.0,3646.0,2557,50474,50503
2016-11-18 10:30:00.000000000,1479436200000000000,3646.0,3688.0,3640.0,3687.0,18705,50503,52654
2016-11-18 11:00:00.000000000,1479438000000000000,3687.0,3690.0,3667.0,3671.0,7910,52654,52250
2016-11-18 13:30:00.000000000,1479447000000000000,3674.0,3683.0,3661.0,3675.0,8539,52250,52579
2016-11-18 14:00:00.000000000,1479448800000000000,3675.0,3696.0,3671.0,3691.0,9440,52579,53302
2016-11-18 14:30:00.000000000,1479450600000000000,3691.0,3691.0,3652.0,3664.0,15168,53302,49035
2016-11-21 09:00:00.000000000,1479690000000000000,3685.0,3759.0,3683.0,3746.0,26267,49035,51098
2016-11-21 09:30:00.000000000,1479691800000000000,3746.0,3752.0,3735.0,3744.0,6409,51098,51079
2016-11-21 10:00:00.000000000,1479693600000000000,3744.0,3762.0,3743.0,3751.0,4307,51079,51644
2016-11-21 10:30:00.000000000,1479695400000000000,3752.0,3766.0,3740.0,3766.0,5507,51644,51692
2016-11-21 11:00:00.000000000,1479697200000000000,3766.0,3772.0,3711.0,3717.0,16061,51692,50052
2016-11-21 13:30:00.000000000,1479706200000000000,3718.0,3727.0,3701.0,3713.0,8496,50052,50676
2016-11-21 14:00:00.000000000,1479708000000000000,3713.0,3721.0,3705.0,3716.0,4224,50676,50986
2016-11-21 14:30:00.000000000,1479709800000000000,3716.0,3716.0,3670.0,3684.0,16023,50986,48372
2016-11-22 09:00:00.000000000,1479776400000000000,3719.0,3734.0,3692.0,3731.0,19018,48372,51063
2016-11-22 09:30:00.000000000,1479778200000000000,3731.0,3738.0,3703.0,3710.0,10185,51063,51851
2016-11-22 10:00:00.000000000,1479780000000000000,3710.0,3725.0,3706.0,3719.0,3980,51851,52124
2016-11-22 10:30:00.000000000,1479781800000000000,3719.0,3719.0,3694.0,3701.0,7140,52124,53018
2016-11-22 11:00:00.000000000,1479783600000000000,3701.0,3709.0,3686.0,3692.0,10740,53018,54790
2016-11-22 13:30:00.000000000,1479792600000000000,3691.0,3720.0,3659.0,3663.0,25287,54790,55753
2016-11-22 14:00:00.000000000,1479794400000000000,3663.0,3683.0,3654.0,3679.0,14803,55753,55040
2016-11-22 14:30:00.000000000,1479796200000000000,3679.0,3692.0,3674.0,3685.0,11170,55040,52707
2016-11-23 09:00:00.000000000,1479862800000000000,3700.0,3715.0,3677.0,3696.0,17260,52707,53938
2016-11-23 09:30:00.000000000,1479864600000000000,3696.0,3699.0,3682.0,3695.0,4976,53938,53846
2016-11-23 10:00:00.000000000,1479866400000000000,3695.0,3705.0,3688.0,3704.0,4380,53846,54068
2016-11-23 10:30:00.000000000,1479868200000000000,3705.0,3743.0,3705.0,3727.0,20089,54068,55378
2016-11-23 11:00:00.000000000,1479870000000000000,3727.0,3757.0,3721.0,3728.0,15859,55378,55850
2016-11-23 13:30:00.000000000,1479879000000000000,3725.0,3732.0,3700.0,3716.0,11596,55850,55081
2016-11-23 14:00:00.000000000,1479880800000000000,3716.0,3720.0,3683.0,3704.0,14109,55081,53827
2016-11-23 14:30:00.000000000,1479882600000000000,3704.0,3712.0,3700.0,3700.0,5374,53827,51698
2016-11-24 09:00:00.000000000,1479949200000000000,3718.0,3729.0,3680.0,3695.0,22460,51698,53071
2016-11-24 09:30:00.000000000,1479951000000000000,3695.0,3712.0,3666.0,3678.0,10995,53071,53373
2016-11-24 10:00:00.000000000,1479952800000000000,3678.0,3690.0,3676.0,3681.0,6206,53373,53364
2016-11-24 10:30:00.000000000,1479954600000000000,3682.0,3693.0,3643.0,3657.0,16322,53364,53355
2016-11-24 11:00:00.000000000,1479956400000000000,3657.0,3660.0,3615.0,3618.0,18157,53355,54604
2016-11-24 13:30:00.000000000,1479965400000000000,3619.0,3641.0,3608.0,3637.0,10777,54604,54067
2016-11-24 14:00:00.000000000,1479967200000000000,3637.0,3647.0,3623.0,3631.0,5978,54067,53789
2016-11-24 14:30:00.000000000,1479969000000000000,3631.0,3631.0,3611.0,3624.0,10391,53789,51492
2016-11-25 09:00:00.000000000,1480035600000000000,3625.0,3643.0,3572.0,3579.0,22956,51492,53622
2016-11-25 09:30:00.000000000,1480037400000000000,3579.0,3592.0,3554.0,3562.0,16804,53622,52148
2016-11-25 10:00:00.000000000,1480039200000000000,3562.0,3582.0,3559.0,3577.0,4808,52148,51814
2016-11-25 10:30:00.000000000,1480041000000000000,3575.0,3584.0,3566.0,3576.0,4726,51814,51421
2016-11-25 11:00:00.000000000,1480042800000000000,3576.0,3584.0,3572.0,3577.0,3981,51421,50798
2016-11-25 13:30:00.000000000,1480051800000000000,3579.0,3588.0,3566.0,3572.0,4401,50798,51086
2016-11-25 14:00:00.000000000,1480053600000000000,3572.0,3576.0,3560.0,3571.0,5166,51086,51268
2016-11-25 14:30:00.000000000,1480055400000000000,3571.0,3581.0,3561.0,3576.0,8568,51268,48590
2016-11-28 09:00:00.000000000,1480294800000000000,3585.0,3604.0,3574.0,3597.0,13896,48590,49711
2016-11-28 09:30:00.000000000,1480296600000000000,3597.0,3620.0,3596.0,3614.0,8976,49711,49100
2016-11-28 10:00:00.000000000,1480298400000000000,3614.0,3635.0,3612.0,3631.0,5903,49100,48807
2016-11-28 10:30:00.000000000,1480300200000000000,3630.0,3643.0,3612.0,3631.0,8656,48807,48033
2016-11-28 11:00:00.000000000,1480302000000000000,3631.0,3641.0,3613.0,3641.0,3884,48033,47764
2016-11-28 13:30:00.000000000,1480311000000000000,3640.0,3653.0,3620.0,3631.0,7581,47764,47702
2016-11-28 14:00:00.000000000,1480312800000000000,3631.0,3641.0,3628.0,3634.0,4103,47702,47394
2016-11-28 14:30:00.000000000,1480314600000000000,3634.0,3637.0,3619.0,3627.0,6916,47394,45598
2016-11-29 09:00:00.000000000,1480381200000000000,3620.0,3648.0,3593.0,3600.0,15539,45598,44858
2016-11-29 09:30:00.000000000,1480383000000000000,3600.0,3611.0,3585.0,3587.0,7468,44858,44174
2016-11-29 10:00:00.000000000,1480384800000000000,3587.0,3595.0,3582.0,3590.0,3372,44174,43774
2016-11-29 10:30:00.000000000,1480386600000000000,3590.0,3600.0,3586.0,3598.0,3538,43774,43672
2016-11-29 11:00:00.000000000,1480388400000000000,3598.0,3599.0,3560.0,3564.0,6645,43672,42926
2016-11-29 13:30:00.000000000,1480397400000000000,3564.0,3580.0,3530.0,3570.0,9976,42926,41574
2016-11-29 14:00:00.000000000,1480399200000000000,3570.0,3585.0,3567.0,3580.0,3416,41574,41216
2016-11-29 14:30:00.000000000,1480401000000000000,3580.0,3588.0,3569.0,3586.0,5765,41216,39633
2016-11-30 09:00:00.000000000,1480467600000000000,3578.0,3618.0,3537.0,3617.0,12931,39633,38833
2016-11-30 09:30:00.000000000,1480469400000000000,3617.0,3620.0,3605.0,3613.0,4166,38833,38097
2016-11-30 10:00:00.000000000,1480471200000000000,3613.0,3638.0,3611.0,3635.0,6000,38097,38150
2016-11-30 10:30:00.000000000,1480473000000000000,3635.0,3652.0,3606.0,3613.0,9697,38150,36868
2016-11-30 11:00:00.000000000,1480474800000000000,3613.0,3614.0,3581.0,3586.0,7317,36868,34994
2016-11-30 13:30:00.000000000,1480483800000000000,3586.0,3609.0,3581.0,3606.0,4925,34994,34629
2016-11-30 14:00:00.000000000,1480485600000000000,3606.0,3610.0,3595.0,3598.0,3300,34629,34051
2016-11-30 14:30:00.000000000,1480487400000000000,3598.0,3600.0,3586.0,3597.0,5458,34051,32070
2016-12-01 09:00:00.000000000,1480554000000000000,3609.0,3621.0,3582.0,3594.0,7621,32070,30756
2016-12-01 09:30:00.000000000,1480555800000000000,3594.0,3594.0,3582.0,3585.0,2669,30756,30017
2016-12-01 10:00:00.000000000,1480557600000000000,3585.0,3585.0,3572.0,3576.0,1529,30017,29710
2016-12-01 10:30:00.000000000,1480559400000000000,3562.0,3592.0,3562.0,3584.0,2272,29710,29045
2016-12-01 11:00:00.000000000,1480561200000000000,3584.0,3598.0,3581.0,3590.0,1419,29045,28648
2016-12-01 13:30:00.000000000,1480570200000000000,3588.0,3598.0,3584.0,3591.0,1825,28648,27890
2016-12-01 14:00:00.000000000,1480572000000000000,3591.0,3592.0,3576.0,3583.0,1902,27890,27385
2016-12-01 14:30:00.000000000,1480573800000000000,3583.0,3588.0,3581.0,3585.0,1625,27385,26474
2016-12-02 09:00:00.000000000,1480640400000000000,3582.0,3583.0,3558.0,3580.0,3273,26474,25872
2016-12-02 09:30:00.000000000,1480642200000000000,3580.0,3582.0,3568.0,3579.0,998,25872,25604
2016-12-02 10:00:00.000000000,1480644000000000000,3579.0,3588.0,3576.0,3582.0,558,25604,25577
2016-12-02 10:30:00.000000000,1480645800000000000,3583.0,3588.0,3574.0,3579.0,868,25577,25403
2016-12-02 11:00:00.000000000,1480647600000000000,3579.0,3585.0,3571.0,3574.0,1002,25403,25103
2016-12-02 13:30:00.000000000,1480656600000000000,3574.0,3599.0,3570.0,3589.0,3050,25103,25011
2016-12-02 14:00:00.000000000,1480658400000000000,3589.0,3596.0,3571.0,3577.0,2090,25011,24441
2016-12-02 14:30:00.000000000,1480660200000000000,3577.0,3584.0,3574.0,3577.0,1445,24441,23575
2016-12-05 09:00:00.000000000,1480899600000000000,3550.0,3557.0,3534.0,3556.0,3921,23575,23329
2016-12-05 09:30:00.000000000,1480901400000000000,3556.0,3558.0,3539.0,3543.0,1516,23329,22929
2016-12-05 10:00:00.000000000,1480903200000000000,3543.0,3545.0,3536.0,3537.0,925,22929,22870
2016-12-05 10:30:00.000000000,1480905000000000000,3536.0,3545.0,3535.0,3543.0,863,22870,22879
2016-12-05 11:00:00.000000000,1480906800000000000,3543.0,3544.0,3535.0,3536.0,751,22879,22740
2016-12-05 13:30:00.000000000,1480915800000000000,3536.0,3538.0,3498.0,3507.0,4188,22740,22593
2016-12-05 14:00:00.000000000,1480917600000000000,3507.0,3516.0,3505.0,3513.0,1276,22593,22221
2016-12-05 14:30:00.000000000,1480919400000000000,3513.0,3514.0,3499.0,3504.0,1489,22221,21868
2016-12-06 09:00:00.000000000,1480986000000000000,3505.0,3525.0,3484.0,3491.0,2747,21868,21919
2016-12-06 09:30:00.000000000,1480987800000000000,3491.0,3493.0,3470.0,3475.0,2130,21919,21906
2016-12-06 10:00:00.000000000,1480989600000000000,3475.0,3475.0,3461.0,3463.0,1046,21906,22022
2016-12-06 10:30:00.000000000,1480991400000000000,3463.0,3469.0,3459.0,3465.0,1050,22022,21939
2016-12-06 11:00:00.000000000,1480993200000000000,3465.0,3468.0,3460.0,3462.0,721,21939,21939
2016-12-06 13:30:00.000000000,1481002200000000000,3465.0,3467.0,3460.0,3462.0,625,21939,21773
2016-12-06 14:00:00.000000000,1481004000000000000,3462.0,3472.0,3459.0,3467.0,702,21773,21625
2016-12-06 14:30:00.000000000,1481005800000000000,3467.0,3467.0,3457.0,3466.0,1133,21625,21051
2016-12-07 09:00:00.000000000,1481072400000000000,3477.0,3499.0,3471.0,3475.0,2119,21051,20700
2016-12-07 09:30:00.000000000,1481074200000000000,3475.0,3483.0,3470.0,3477.0,785,20700,20558
2016-12-07 10:00:00.000000000,1481076000000000000,3477.0,3478.0,3462.0,3469.0,542,20558,20521
2016-12-07 10:30:00.000000000,1481077800000000000,3469.0,3483.0,3466.0,3472.0,831,20521,20383
2016-12-07 11:00:00.000000000,1481079600000000000,3472.0,3474.0,3463.0,3469.0,608,20383,20187
2016-12-07 13:30:00.000000000,1481088600000000000,3470.0,3473.0,3465.0,3470.0,558,20187,19990
2016-12-07 14:00:00.000000000,1481090400000000000,3470.0,3470.0,3465.0,3470.0,426,19990,19877
2016-12-07 14:30:00.000000000,1481092200000000000,3470.0,3470.0,3463.0,3465.0,839,19877,19514
2016-12-08 09:00:00.000000000,1481158800000000000,3470.0,3490.0,3460.0,3479.0,2112,19514,19504
2016-12-08 09:30:00.000000000,1481160600000000000,3479.0,3480.0,3465.0,3469.0,949,19504,19320
2016-12-08 10:00:00.000000000,1481162400000000000,3469.0,3478.0,3469.0,3477.0,306,19320,19298
2016-12-08 10:30:00.000000000,1481164200000000000,3477.0,3477.0,3467.0,3470.0,383,19298,19198
2016-12-08 11:00:00.000000000,1481166000000000000,3470.0,3473.0,3460.0,3461.0,792,19198,18992
2016-12-08 13:30:00.000000000,1481175000000000000,3460.0,3460.0,3419.0,3431.0,3031,18992,18495
2016-12-08 14:00:00.000000000,1481176800000000000,3431.0,3441.0,3426.0,3437.0,1461,18495,18014
2016-12-08 14:30:00.000000000,1481178600000000000,3437.0,3443.0,3430.0,3436.0,1137,18014,17589
2016-12-09 09:00:00.000000000,1481245200000000000,3430.0,3430.0,3401.0,3420.0,1409,17589,17096
2016-12-09 09:30:00.000000000,1481247000000000000,3420.0,3423.0,3414.0,3414.0,515,17096,16957
2016-12-09 10:00:00.000000000,1481248800000000000,3414.0,3421.0,3413.0,3421.0,227,16957,16837
2016-12-09 10:30:00.000000000,1481250600000000000,3418.0,3418.0,3414.0,3418.0,387,16837,16649
2016-12-09 11:00:00.000000000,1481252400000000000,3418.0,3426.0,3417.0,3425.0,406,16649,16464
2016-12-09 13:30:00.000000000,1481261400000000000,3426.0,3438.0,3425.0,3429.0,623,16464,16292
2016-12-09 14:00:00.000000000,1481263200000000000,3429.0,3436.0,3429.0,3431.0,288,16292,16202
2016-12-09 14:30:00.000000000,1481265000000000000,3431.0,3431.0,3420.0,3424.0,849,16202,15777
2016-12-12 09:00:00.000000000,1481504400000000000,3431.0,3465.0,3425.0,3455.0,1994,15777,15343
2016-12-12 09:30:00.000000000,1481506200000000000,3455.0,3464.0,3454.0,3459.0,831,15343,15136
2016-12-12 10:00:00.000000000,1481508000000000000,3459.0,3468.0,3455.0,3456.0,414,15136,15062
2016-12-12 10:30:00.000000000,1481509800000000000,3456.0,3461.0,3454.0,3458.0,324,15062,15034
2016-12-12 11:00:00.000000000,1481511600000000000,3458.0,3470.0,3457.0,3465.0,425,15034,15014
2016-12-12 13:30:00.000000000,1481520600000000000,3465.0,3474.0,3458.0,3459.0,536,15014,14904
2016-12-12 14:00:00.000000000,1481522400000000000,3459.0,3465.0,3456.0,3461.0,481,14904,14676
2016-12-12 14:30:00.000000000,1481524200000000000,3461.0,3475.0,3458.0,3471.0,1034,14676,14145
2016-12-13 09:00:00.000000000,1481590800000000000,3460.0,3489.0,3454.0,3475.0,1375,14145,13809
2016-12-13 09:30:00.000000000,1481592600000000000,3475.0,3475.0,3457.0,3466.0,797,13809,13552
2016-12-13 10:00:00.000000000,1481594400000000000,3466.0,3466.0,3462.0,3463.0,93,13552,13511
2016-12-13 10:30:00.000000000,1481596200000000000,3464.0,3465.0,3452.0,3453.0,744,13511,13387
2016-12-13 11:00:00.000000000,1481598000000000000,3453.0,3457.0,3446.0,3449.0,675,13387,13129
2016-12-13 13:30:00.000000000,1481607000000000000,3449.0,3450.0,3441.0,3446.0,547,13129,12898
2016-12-13 14:00:00.000000000,1481608800000000000,3446.0,3462.0,3438.0,3458.0,920,12898,12504
2016-12-13 14:30:00.000000000,1481610600000000000,3458.0,3480.0,3455.0,3478.0,1233,12504,11824
2016-12-14 09:00:00.000000000,1481677200000000000,3460.0,3478.0,3456.0,3465.0,1343,11824,11173
2016-12-14 09:30:00.000000000,1481679000000000000,3465.0,3474.0,3464.0,3468.0,595,11173,10856
2016-12-14 10:00:00.000000000,1481680800000000000,3468.0,3468.0,3455.0,3457.0,518,10856,10601
2016-12-14 10:30:00.000000000,1481682600000000000,3445.0,3458.0,3442.0,3453.0,400,10601,10420
2016-12-14 11:00:00.000000000,1481684400000000000,3453.0,3458.0,3444.0,3457.0,308,10420,10353
2016-12-14 13:30:00.000000000,1481693400000000000,3457.0,3459.0,3451.0,3457.0,159,10353,10314
2016-12-14 14:00:00.000000000,1481695200000000000,3457.0,3457.0,3445.0,3445.0,177,10314,10251
2016-12-14 14:30:00.000000000,1481697000000000000,3445.0,3452.0,3444.0,3445.0,352,10251,10091
2016-12-15 09:00:00.000000000,1481763600000000000,3456.0,3460.0,3420.0,3450.0,629,10091,10005
2016-12-15 09:30:00.000000000,1481765400000000000,3450.0,3450.0,3441.0,3442.0,229,10005,9950
2016-12-15 10:00:00.000000000,1481767200000000000,3442.0,3443.0,3431.0,3434.0,275,9950,9861
2016-12-15 10:30:00.000000000,1481769000000000000,3431.0,3441.0,3431.0,3440.0,111,9861,9846
2016-12-15 11:00:00.000000000,1481770800000000000,3440.0,3445.0,3436.0,3441.0,191,9846,9773
2016-12-15 13:30:00.000000000,1481779800000000000,3441.0,3450.0,3438.0,3438.0,179,9773,9735
2016-12-15 14:00:00.000000000,1481781600000000000,3438.0,3438.0,3433.0,3435.0,189,9735,9668
2016-12-15 14:30:00.000000000,1481783400000000000,3435.0,3436.0,3425.0,3430.0,438,9668,9414
2016-12-16 09:00:00.000000000,1481850000000000000,3438.0,3440.0,3431.0,3434.0,362,9414,9411
2016-12-16 09:30:00.000000000,1481851800000000000,3434.0,3439.0,3434.0,3438.0,263,9411,9290
2016-12-16 10:00:00.000000000,1481853600000000000,3438.0,3439.0,3435.0,3435.0,66,9290,9258
2016-12-16 10:30:00.000000000,1481855400000000000,3435.0,3440.0,3435.0,3438.0,148,9258,9219
2016-12-16 11:00:00.000000000,1481857200000000000,3438.0,3440.0,3435.0,3435.0,129,9219,9154
2016-12-16 13:30:00.000000000,1481866200000000000,3435.0,3447.0,3435.0,3440.0,416,9154,9062
2016-12-16 14:00:00.000000000,1481868000000000000,3440.0,3440.0,3433.0,3433.0,262,9062,8981
2016-12-16 14:30:00.000000000,1481869800000000000,3433.0,3436.0,3425.0,3425.0,484,8981,8693
2016-12-19 09:00:00.000000000,1482109200000000000,3425.0,3436.0,3415.0,3432.0,498,8693,8552
2016-12-19 09:30:00.000000000,1482111000000000000,3432.0,3433.0,3415.0,3432.0,217,8552,8507
2016-12-19 10:00:00.000000000,1482112800000000000,3432.0,3433.0,3430.0,3433.0,48,8507,8489
2016-12-19 10:30:00.000000000,1482114600000000000,3434.0,3440.0,3429.0,3429.0,226,8489,8508
2016-12-19 11:00:00.000000000,1482116400000000000,3429.0,3436.0,3429.0,3436.0,94,8508,8483
2016-12-19 13:30:00.000000000,1482125400000000000,3436.0,3436.0,3426.0,3428.0,199,8483,8439
2016-12-19 14:00:00.000000000,1482127200000000000,3428.0,3430.0,3426.0,3426.0,154,8439,8360
2016-12-19 14:30:00.000000000,1482129000000000000,3426.0,3430.0,3415.0,3420.0,370,8360,8162
2016-12-20 09:00:00.000000000,1482195600000000000,3420.0,3420.0,3372.0,3374.0,1178,8162,7655
2016-12-20 09:30:00.000000000,1482197400000000000,3374.0,3382.0,3355.0,3356.0,643,7655,7342
2016-12-20 10:00:00.000000000,1482199200000000000,3356.0,3359.0,3350.0,3358.0,281,7342,7260
2016-12-20 10:30:00.000000000,1482201000000000000,3356.0,3359.0,3351.0,3352.0,289,7260,7121
2016-12-20 11:00:00.000000000,1482202800000000000,3352.0,3359.0,3351.0,3355.0,277,7121,7025
2016-12-20 13:30:00.000000000,1482211800000000000,3355.0,3355.0,3341.0,3341.0,353,7025,6852
2016-12-20 14:00:00.000000000,1482213600000000000,3341.0,3361.0,3340.0,3356.0,418,6852,6661
2016-12-20 14:30:00.000000000,1482215400000000000,3356.0,3358.0,3348.0,3355.0,252,6661,6529
2016-12-21 09:00:00.000000000,1482282000000000000,3358.0,3359.0,3345.0,3355.0,244,6529,6422
2016-12-21 09:30:00.000000000,1482283800000000000,3355.0,3357.0,3348.0,3348.0,153,6422,6366
2016-12-21 10:00:00.000000000,1482285600000000000,3348.0,3349.0,3341.0,3343.0,74,6366,6323
2016-12-21 10:30:00.000000000,1482287400000000000,3342.0,3342.0,3329.0,3333.0,310,6323,6130
2016-12-21 11:00:00.000000000,1482289200000000000,3333.0,3337.0,3333.0,3336.0,69,6130,6104
2016-12-21 13:30:00.000000000,1482298200000000000,3336.0,3336.0,3325.0,3330.0,226,6104,6021
2016-12-21 14:00:00.000000000,1482300000000000000,3330.0,3330.0,3321.0,3322.0,184,6021,5908
2016-12-21 14:30:00.000000000,1482301800000000000,3322.0,3328.0,3312.0,3326.0,232,5908,5754
2016-12-22 09:00:00.000000000,1482368400000000000,3314.0,3342.0,3308.0,3331.0,479,5754,5606
2016-12-22 09:30:00.000000000,1482370200000000000,3331.0,3336.0,3330.0,3330.0,78,5606,5568
2016-12-22 10:00:00.000000000,1482372000000000000,3330.0,3335.0,3328.0,3334.0,28,5568,5555
2016-12-22 10:30:00.000000000,1482373800000000000,3335.0,3335.0,3324.0,3324.0,61,5555,5535
2016-12-22 11:00:00.000000000,1482375600000000000,3324.0,3327.0,3318.0,3324.0,110,5535,5480
2016-12-22 13:30:00.000000000,1482384600000000000,3324.0,3324.0,3318.0,3321.0,115,5480,5399
2016-12-22 14:00:00.000000000,1482386400000000000,3321.0,3324.0,3319.0,3319.0,97,5399,5333
2016-12-22 14:30:00.000000000,1482388200000000000,3319.0,3322.0,3317.0,3318.0,226,5333,5171
2016-12-23 09:00:00.000000000,1482454800000000000,3316.0,3326.0,3310.0,3314.0,206,5171,5122
2016-12-23 09:30:00.000000000,1482456600000000000,3314.0,3323.0,3314.0,3323.0,106,5122,5064
2016-12-23 10:00:00.000000000,1482458400000000000,3323.0,3326.0,3321.0,3321.0,47,5064,5039
2016-12-23 10:30:00.000000000,1482460200000000000,3325.0,3330.0,3322.0,3326.0,97,5039,5028
2016-12-23 11:00:00.000000000,1482462000000000000,3326.0,3328.0,3319.0,3325.0,78,5028,5007
2016-12-23 13:30:00.000000000,1482471000000000000,3320.0,3327.0,3310.0,3317.0,333,5007,4852
2016-12-23 14:00:00.000000000,1482472800000000000,3317.0,3321.0,3313.0,3317.0,104,4852,4807
2016-12-23 14:30:00.000000000,1482474600000000000,3317.0,3321.0,3315.0,3318.0,147,4807,4672
2016-12-26 09:00:00.000000000,1482714000000000000,3302.0,3305.0,3255.0,3261.0,702,4672,4436
2016-12-26 09:30:00.000000000,1482715800000000000,3261.0,3263.0,3250.0,3255.0,324,4436,4235
2016-12-26 10:00:00.000000000,1482717600000000000,3255.0,3258.0,3252.0,3255.0,41,4235,4228
2016-12-26 10:30:00.000000000,1482719400000000000,3255.0,3263.0,3251.0,3262.0,118,4228,4148
2016-12-26 11:00:00.000000000,1482721200000000000,3262.0,3278.0,3253.0,3277.0,215,4148,3999
2016-12-26 13:30:00.000000000,1482730200000000000,3270.0,3277.0,3262.0,3264.0,84,3999,3978
2016-12-26 14:00:00.000000000,1482732000000000000,3264.0,3270.0,3264.0,3267.0,84,3978,3932
2016-12-26 14:30:00.000000000,1482733800000000000,3267.0,3275.0,3263.0,3269.0,197,3932,3813
2016-12-27 09:00:00.000000000,1482800400000000000,3272.0,3293.0,3267.0,3291.0,215,3813,3741
2016-12-27 09:30:00.000000000,1482802200000000000,3291.0,3291.0,3280.0,3283.0,98,3741,3722
2016-12-27 10:00:00.000000000,1482804000000000000,3283.0,3288.0,3276.0,3276.0,73,3722,3664
2016-12-27 10:30:00.000000000,1482805800000000000,3276.0,3280.0,3271.0,3272.0,56,3664,3647
2016-12-27 11:00:00.000000000,1482807600000000000,3272.0,3275.0,3270.0,3273.0,69,3647,3612
2016-12-27 13:30:00.000000000,1482816600000000000,3273.0,3292.0,3273.0,3286.0,198,3612,3503
2016-12-27 14:00:00.000000000,1482818400000000000,3286.0,3291.0,3276.0,3276.0,142,3503,3435
2016-12-27 14:30:00.000000000,1482820200000000000,3276.0,3283.0,3272.0,3274.0,164,3435,3327
2016-12-28 09:00:00.000000000,1482886800000000000,3290.0,3290.0,3275.0,3281.0,186,3327,3269
2016-12-28 09:30:00.000000000,1482888600000000000,3281.0,3289.0,3278.0,3282.0,183,3269,3135
2016-12-28 10:00:00.000000000,1482890400000000000,3282.0,3288.0,3278.0,3283.0,72,3135,3098
2016-12-28 10:30:00.000000000,1482892200000000000,3282.0,3287.0,3278.0,3281.0,118,3098,3001
2016-12-28 11:00:00.000000000,1482894000000000000,3281.0,3285.0,3279.0,3285.0,58,3001,2965
2016-12-28 13:30:00.000000000,1482903000000000000,3281.0,3285.0,3275.0,3278.0,150,2965,2880
2016-12-28 14:00:00.000000000,1482904800000000000,3278.0,3280.0,3273.0,3276.0,115,2880,2790
2016-12-28 14:30:00.000000000,1482906600000000000,3276.0,3277.0,3272.0,3274.0,112,2790,2698
2016-12-29 09:00:00.000000000,1482973200000000000,3270.0,3290.0,3268.0,3271.0,213,2698,2607
2016-12-29 09:30:00.000000000,1482975000000000000,3271.0,3271.0,3258.0,3263.0,272,2607,2475
2016-12-29 10:00:00.000000000,1482976800000000000,3263.0,3266.0,3260.0,3260.0,51,2475,2446
2016-12-29 10:30:00.000000000,1482978600000000000,3260.0,3268.0,3256.0,3259.0,91,2446,2382
2016-12-29 11:00:00.000000000,1482980400000000000,3259.0,3260.0,3252.0,3253.0,78,2382,2333
2016-12-29 13:30:00.000000000,1482989400000000000,3256.0,3256.0,3233.0,3238.0,228,2333,2208
2016-12-29 14:00:00.000000000,1482991200000000000,3238.0,3238.0,3219.0,3228.0,236,2208,2056
2016-12-29 14:30:00.000000000,1482993000000000000,3228.0,3232.0,3222.0,3232.0,226,2056,1876
2016-12-30 09:00:00.000000000,1483059600000000000,3220.0,3227.0,3186.0,3190.0,370,1876,1682
2016-12-30 09:30:00.000000000,1483061400000000000,3190.0,3191.0,3150.0,3150.0,385,1682,1423
2016-12-30 10:00:00.000000000,1483063200000000000,3150.0,3154.0,3140.0,3143.0,175,1423,1374
2016-12-30 10:30:00.000000000,1483065000000000000,3143.0,3143.0,3126.0,3131.0,369,1374,1152
2016-12-30 11:00:00.000000000,1483066800000000000,3131.0,3145.0,3128.0,3144.0,248,1152,939
2016-12-30 13:30:00.000000000,1483075800000000000,3145.0,3147.0,3132.0,3136.0,277,939,724
2016-12-30 14:00:00.000000000,1483077600000000000,3136.0,3141.0,3130.0,3134.0,320,724,435
2016-12-30 14:30:00.000000000,1483079400000000000,3134.0,3138.0,3086.0,3086.0,357,435,138
2017-01-03 09:00:00.000000000,1483405200000000000,3015.0,3015.0,2896.0,2898.0,124,138,36
2017-01-03 09:30:00.000000000,1483407000000000000,2898.0,2931.0,2898.0,2931.0,3,36,33
2017-01-03 10:00:00.000000000,1483408800000000000,2931.0,2999.0,2930.0,2999.0,5,33,29
2017-01-03 10:30:00.000000000,1483410600000000000,2902.0,2937.0,2902.0,2937.0,5,29,26
2017-01-03 11:00:00.000000000,1483412400000000000,2937.0,2937.0,2937.0,2937.0,0,26,26
2017-01-03 13:30:00.000000000,1483421400000000000,2937.0,2937.0,2937.0,2937.0,0,26,26
2017-01-03 14:00:00.000000000,1483423200000000000,2937.0,2937.0,2914.0,2914.0,1,26,26
2017-01-03 14:30:00.000000000,1483425000000000000,2914.0,2914.0,2898.0,2898.0,5,26,23
2017-01-05 09:00:00.000000000,1483578000000000000,2898.0,2898.0,2898.0,2898.0,0,23,23
2017-01-05 09:30:00.000000000,1483579800000000000,2898.0,2898.0,2898.0,2898.0,0,23,23
2017-01-05 10:00:00.000000000,1483581600000000000,2898.0,2898.0,2898.0,2898.0,0,23,23
2017-01-05 10:30:00.000000000,1483583400000000000,2898.0,2898.0,2898.0,2898.0,0,23,23
2017-01-05 11:00:00.000000000,1483585200000000000,2898.0,2898.0,2898.0,2898.0,0,23,23
2017-01-05 13:30:00.000000000,1483594200000000000,2898.0,2898.0,2898.0,2898.0,0,23,23
2017-01-05 14:00:00.000000000,1483596000000000000,2898.0,2898.0,2898.0,2898.0,0,23,23
2017-01-05 14:30:00.000000000,1483597800000000000,2901.0,2901.0,2901.0,2901.0,1,23,22
2017-01-06 09:00:00.000000000,1483664400000000000,2901.0,2901.0,2901.0,2901.0,0,22,22
2017-01-06 09:30:00.000000000,1483666200000000000,2901.0,2901.0,2901.0,2901.0,0,22,22
2017-01-06 10:00:00.000000000,1483668000000000000,2901.0,2901.0,2901.0,2901.0,0,22,22
2017-01-06 10:30:00.000000000,1483669800000000000,2939.0,2939.0,2939.0,2939.0,1,22,21
2017-01-06 11:00:00.000000000,1483671600000000000,2939.0,2939.0,2939.0,2939.0,0,21,21
2017-01-06 13:30:00.000000000,1483680600000000000,2939.0,2939.0,2939.0,2939.0,0,21,21
2017-01-06 14:00:00.000000000,1483682400000000000,2939.0,2939.0,2939.0,2939.0,0,21,21
2017-01-06 14:30:00.000000000,1483684200000000000,2939.0,2988.0,2939.0,2988.0,4,21,17
2017-01-09 09:00:00.000000000,1483923600000000000,2988.0,2988.0,2988.0,2988.0,0,17,17
2017-01-09 09:30:00.000000000,1483925400000000000,2988.0,2988.0,2988.0,2988.0,0,17,17
2017-01-09 10:00:00.000000000,1483927200000000000,2988.0,2988.0,2988.0,2988.0,0,17,17
2017-01-09 10:30:00.000000000,1483929000000000000,2988.0,2988.0,2988.0,2988.0,0,17,17
2017-01-09 11:00:00.000000000,1483930800000000000,2988.0,2988.0,2988.0,2988.0,0,17,17
2017-01-09 13:30:00.000000000,1483939800000000000,2988.0,2988.0,2988.0,2988.0,0,17,17
2017-01-09 14:00:00.000000000,1483941600000000000,2988.0,2988.0,2988.0,2988.0,0,17,17
2017-01-09 14:30:00.000000000,1483943400000000000,2909.0,2909.0,2909.0,2909.0,1,17,16
2017-01-11 09:00:00.000000000,1484096400000000000,2909.0,2909.0,2909.0,2909.0,0,16,16
2017-01-11 09:30:00.000000000,1484098200000000000,2909.0,2909.0,2909.0,2909.0,0,16,16
2017-01-11 10:00:00.000000000,1484100000000000000,2909.0,2909.0,2901.0,2901.0,2,16,14
2017-01-11 10:30:00.000000000,1484101800000000000,2901.0,2901.0,2901.0,2901.0,0,14,14
2017-01-11 11:00:00.000000000,1484103600000000000,2901.0,2901.0,2901.0,2901.0,0,14,14
2017-01-11 13:30:00.000000000,1484112600000000000,2901.0,2901.0,2901.0,2901.0,0,14,14
2017-01-11 14:00:00.000000000,1484114400000000000,2901.0,2901.0,2901.0,2901.0,0,14,14
2017-01-11 14:30:00.000000000,1484116200000000000,2901.0,2901.0,2901.0,2901.0,0,14,14
2017-01-13 09:00:00.000000000,1484269200000000000,2901.0,2901.0,2901.0,2901.0,0,14,14
2017-01-13 09:30:00.000000000,1484271000000000000,2800.0,2875.0,2800.0,2875.0,8,14,6
2017-01-13 10:00:00.000000000,1484272800000000000,2875.0,2875.0,2875.0,2875.0,0,6,6
2017-01-13 10:30:00.000000000,1484274600000000000,2875.0,2875.0,2875.0,2875.0,0,6,6
2017-01-13 11:00:00.000000000,1484276400000000000,2875.0,2975.0,2875.0,2885.0,2,6,4
2017-01-13 13:30:00.000000000,1484285400000000000,2885.0,2885.0,2885.0,2885.0,0,4,4
2017-01-13 14:00:00.000000000,1484287200000000000,2885.0,2895.0,2885.0,2895.0,1,4,3
2017-01-13 14:30:00.000000000,1484289000000000000,2895.0,2895.0,2895.0,2895.0,0,3,3
